,urlkey,timestamp,url,mime,mime-detected,status,digest,length,offset,filename,languages,encoding,html
0,"com,cnn,edition)/world/europe/9904/08/kosovo.refugees.03",20191115062156,http://edition.cnn.com/WORLD/europe/9904/08/kosovo.refugees.03/,text/html,text/html,200,ZPRZEFYRI5XJICLDXTO6N4PUNSL7I5RY,10251,51461238,crawl-data/CC-MAIN-2019-47/segments/1573496668585.12/warc/CC-MAIN-20191115042541-20191115070541-00463.warc.gz,eng,windows-1252,"<HTML><HEAD><TITLE>CNN - U.N. refugees chief 'very, very worried' about Kosovars - April 8, 1999</TITLE><SCRIPT LANGUAGE=""Javascript"" SRC=""/virtual/1998/code/cnn.js""></SCRIPT><LINK REL=""stylesheet"" HREF=""/virtual/1998/code/cnn.css"" TYPE=""text/css""></HEAD><!-- Writer:       bw --><!-- AP:           lm --><!-- Copy editor:   k --><!-- Web editor:   ld --><!-- Sysop:        dw --><BODY BGCOLOR=""#FFFFFF"" LINK=""#0000CC"" ALINK=""#FF0000"" VLINK=""#777777""><A NAME=""top""></A><TABLE WIDTH=600 CELLPADDING=""0"" CELLSPACING=""0"" BORDER=""0""><TR><TD COLSPAN=""3""><TABLE BORDER=""0"" WIDTH=""600"" CELLSPACING=""0"" CELLPADDING=""0""><TR VALIGN=""TOP""><TD WIDTH=""120""></TD><TD WIDTH=""8"" ALIGN=RIGHT><A HREF=""/ads/e.market/""><IMG SRC=""/images/1998/05/homepage/ad.info.gif"" WIDTH=7 HEIGHT=62 BORDER=0 ALT=""ad info""></A></TD><TD WIDTH=""468""></TD></TR></TABLE><HR NOSHADE WIDTH=""600"" SIZE=""1"" ALIGN=""LEFT""></TD></TR><TR VALIGN=TOP><TD WIDTH=""125"">
<a href=""/index.html""><img src=""/images/1999/08/cnn_logo.gif"" alt=""CNN.com"" width=""125"" height=""43"" border=""0"" hspace=""0"" vspace=""0""></a><br>

<!--TOP-LEVEL NAVIGATION-->  

<table border=""0"" width=""125"" cellspacing=""0"" cellpadding=""2"" bgcolor=""#CCCCFF"">

<tr> 
  <td><b><font face=""Helvetica, Arial,sans-serif"" size=""1"">&nbsp;<a href=""/index.html""><font color=""#000000"">MAIN PAGE</font></a></font></b></td>
</tr>

<tr> 
  <td bgcolor=""#333399""><img src=""/images/1998/05/homepage/icon.arrow.down.gif"" width=""15"" height=""15"" align=""RIGHT""><b><font face=""Helvetica, Arial,sans-serif"" size=""1"">&nbsp;<a href=""/WORLD/""><font color=""#FFFFFF"">WORLD</font></a></font></b></td>
</tr>

<tr> 
  <td bgcolor=""#9999FF""><b><font face=""Helvetica, Arial,sans-serif"" size=""1"">&nbsp; &nbsp;<a href=""/WORLD/africa""><font color=""#000000"">africa</font></a></font></b></td>
</tr>

<tr> 
  <td bgcolor=""#9999FF""><b><font face=""Helvetica, Arial,sans-serif"" size=""1"">&nbsp; &nbsp;<a href=""/WORLD/americas""><font color=""#000000"">americas</font></a></font></b></td>
</tr>

<tr> 
  <td bgcolor=""#9999FF""><b><font face=""Helvetica, Arial,sans-serif"" size=""1"">&nbsp; &nbsp;<a href=""/ASIANOW/""><font color=""#CC0000"">asianow</font></a></font></b></td>
</tr>

<tr> 
  <td bgcolor=""#9999FF""><b><font face=""Helvetica, Arial,sans-serif"" size=""1"">&nbsp; &nbsp;<a href=""/WORLD/europe""><font color=""#CC0000"">europe</font></a></font></b></td>
</tr>

<tr> 
  <td bgcolor=""#9999FF""><b><font face=""Helvetica, Arial,sans-serif"" size=""1"">&nbsp; &nbsp;<a href=""/WORLD/meast""><font color=""#000000"">middle east</font></a></font></b></td>
</tr>

<tr> 
  <td><b><font face=""Helvetica, Arial,sans-serif"" size=""1"">&nbsp;<a href=""/US/""><font color=""#000000"">U.S.</font></a></font></b></td>
</tr>

<tr> 
  <td><b><font face=""Helvetica, Arial,sans-serif"" size=""1"">&nbsp;<a href=""/LOCAL/""><font color=""#000000"">LOCAL</font></a></font></b></td>
</tr>

<tr> 
  <td><b><font face=""Helvetica, Arial,sans-serif"" size=""1"">&nbsp;<a href=""/ALLPOLITICS/index.html""><font color=""#000000"">POLITICS</font></a></font></b></td>
</tr>

<tr> 
  <td><b><font face=""Helvetica, Arial,sans-serif"" size=""1"">&nbsp;<a href=""/WEATHER/""><font color=""#000000"">WEATHER</font></a></font></b></td>
</tr>

<tr> 
  <td><b><font face=""Helvetica, Arial,sans-serif"" size=""1"">&nbsp;<a href=""/cnnfn/""><font color=""#000000"">BUSINESS</font></a></font></b></td>
</tr>

<tr> 
  <td><b><font face=""Helvetica, Arial,sans-serif"" size=""1"">&nbsp;<a href=""/cnnsi/""><font color=""#000000"">SPORTS</font></a></font></b></td>
</tr>

<tr> 
  <td><b><font face=""Helvetica, Arial,sans-serif"" size=""1"">&nbsp;<a href=""/TECH/""><font color=""#000000"">TECHNOLOGY</font></a></font></b></td>
</tr>

<tr> 
  <td><b><font face=""Helvetica, Arial,sans-serif"" size=""1"">&nbsp;<a href=""/NATURE/""><font color=""#000000"">NATURE</font></a></font></b></td>
</tr>

<tr> 
  <td><b><font face=""Helvetica, Arial,sans-serif"" size=""1"">&nbsp;<a href=""/SHOWBIZ/""><font color=""#000000"">ENTERTAINMENT</font></a></font></b></td>
</tr>

<tr> 
  <td><b><font face=""Helvetica, Arial,sans-serif"" size=""1"">&nbsp;<a href=""/books/""><font color=""#000000"">BOOKS</font></a></font></b></td>
</tr>

<tr> 
  <td><b><font face=""Helvetica, Arial,sans-serif"" size=""1"">&nbsp;<a href=""/TRAVEL/""><font color=""#000000"">TRAVEL</font></a></font></b></td>
</tr>

<tr> 
  <td><b><font face=""Helvetica, Arial,sans-serif"" size=""1"">&nbsp;<a href=""/FOOD/""><font color=""#000000"">FOOD</font></a></font></b></td>
</tr>

<tr> 
  <td><b><font face=""Helvetica, Arial,sans-serif"" size=""1"">&nbsp;<a href=""/HEALTH/""><font color=""#000000"">HEALTH</font></a></font></b></td>
</tr>

<tr> 
  <td><b><font face=""Helvetica, Arial,sans-serif"" size=""1"">&nbsp;<a href=""/STYLE/""><font color=""#000000"">STYLE</font></a></font></b></td>
</tr>

<tr> 
  <td><b><font face=""Helvetica, Arial,sans-serif"" size=""1"">&nbsp;<a href=""/SPECIALS/""><font color=""#000000"">IN-DEPTH</font></a></font></b></td>
</tr>

<tr>
	<td><hr size=1 noshade></td>
</tr>

<tr> 
  <td><font face=""Helvetica, Arial,sans-serif"" size=""1"">&nbsp;<a href=""http://customnews.cnn.com/cnews/pna.myhome?p_section_name=World""><font color=""#000000"">custom news</font></a></font></td>
</tr>

<tr> 
  <td><font face=""Helvetica, Arial,sans-serif"" size=""1"">&nbsp;<a href=""/QUICKNEWS/""><font color=""#000000"">Headline News brief</font></a></font></td>
</tr>

<tr> 
  <td><font face=""Helvetica, Arial,sans-serif"" size=""1"">&nbsp;<a href=""/almanac/daily/""><font color=""#000000"">daily almanac</font></a></font></td>
</tr>


<tr> 
  <td><font face=""Helvetica, Arial,sans-serif"" size=""1"">&nbsp;<a href=""/CNN/""><font color=""#000000"">CNN networks</font></a></font></td>
</tr>

<tr> 
  <td><font face=""Helvetica, Arial,sans-serif"" size=""1"">&nbsp;<a href=""/CNNPromos/cnn.html""><font color=""#000000"">CNN programs</font></a></font></td>
</tr>

<tr> 
  <td><font face=""Helvetica, Arial,sans-serif"" size=""1"">&nbsp;<a href=""/TRANSCRIPTS/""><font color=""#000000"">on-air transcripts</font></a></font></td>
</tr>

<tr> 
  <td><font face=""Helvetica, Arial,sans-serif"" size=""1"">&nbsp;<a href=""/SEARCH/quiz/quiz.html""><font color=""#000000"">news quiz</font></a></font><br><br></td>
</tr>

</table>

<!--/TOP-LEVEL NAVIGATION -->

<!-- CNN WEB SITES NAV -->

<table border=""0"" width=""125"" cellspacing=""0"" cellpadding=""2"" bgcolor=""#CCCCFF"">

<tr bgcolor=""#000000""> 
    <td><font face=""Helvetica, Arial,sans-serif"" size=""1"" color=""#FFFFFF"">&nbsp; CNN WEB SITES:</font></td>
</tr>

<tr><td bgcolor=""#FFFFFF"">

<map name=""sites"">
            <area shape=""rect"" COORDS=""0,96,56,115""
            	href=""http://www.cnndanmark.dk/"">
			<area shape=""rect"" coords=""0, 82, 55, 95""
				href=""http://cnn.vg.no/"">
			<area shape=""rect"" coords=""0, 69, 66, 82""
				href=""http://cnn.passagen.se/"">
			<area shape=""rect"" coords=""0, 55, 84, 69""
				href=""/cnnpt/"">
			<area shape=""rect"" coords=""0, 40, 75, 55""
				href=""/cnnes/"">
			<area shape=""rect"" coords=""64, 20, 121, 40""
				href=""/cnnfn/"">
			<area shape=""rect"" coords=""0, 20, 64, 40""
				href=""/ALLPOLITICS/"">
			<area shape=""rect"" coords=""64, 0, 121, 20""
				href=""/cnnsi/"">
			<area shape=""rect"" coords=""0, 0, 64, 20""
				href=""/CustomNews/"">

</map>

	<img src=""/images/1999/03/cnn_web_site.gif"" alt=""CNN Websites"" width=""121"" height=""104"" border=""0"" usemap=""#sites"">


</td></tr>

</table>

<!-- /CNN WEB SITES NAV -->

<!--PATHFINDER NAV -->

<table border=""0"" width=""125"" cellspacing=""0"" cellpadding=""2"" bgcolor=""#CCCCFF"">

<tr bgcolor=""#000000""> 
        <td><font face=""Helvetica, Arial,sans-serif"" color=""#FFFFFF"" size=""1"">&nbsp;TIME INC. SITES:</font></td>
</tr>

<tr> 
        <FORM name=""pathfinder"">
		<td align=center>
        <SELECT NAME=""site"" SIZE=1 onChange =""goTW()"">
		<OPTION VALUE=""""> Go To ... 
		<OPTION VALUE=""http://www.pathfinder.com/time/"">Time.com
		<OPTION VALUE=""http://www.pathfinder.com/people/"">People
		<OPTION VALUE=""http://jcgi.pathfinder.com/money/plus/index.oft"">Money
		<OPTION VALUE=""http://www.pathfinder.com/fortune/"">Fortune
		<OPTION VALUE=""http://cgi.pathfinder.com/ew/"">EW
		</SELECT>
		</td>
		</FORM>
</tr>

</table>


<!--/PATHFINDER NAV --> 

<!--MORE SERVICES NAV -->

<table border=""0"" width=""125"" cellspacing=""0"" cellpadding=""2"" bgcolor=""#CCCCFF"">

<tr bgcolor=""#000000""> 
        <td><font face=""Helvetica, Arial,sans-serif"" color=""#FFFFFF"" size=""1"">&nbsp;MORE SERVICES:</font></td>
</tr>

<tr> 
        <td>&nbsp;<a href=""/videoselect/""><font color=""#000000"" face=""Helvetica, Arial,sans-serif"" size=""1"">video on demand</FONT></A></td>
</tr>

<tr> 
        <td>&nbsp;<a href=""/video_vault/""><font color=""#000000"" face=""Helvetica, Arial,sans-serif"" size=""1"">video archive</FONT></A></td>
</tr>

<tr> 
        <td>&nbsp;<a href=""/audioselect/""><font color=""#000000"" face=""Helvetica, Arial,sans-serif"" size=""1"">audio on demand</FONT></A></td>
</tr>

<tr> 
        <td>&nbsp;<a href=""/EMAIL/""><font color=""#000000"" face=""Helvetica, Arial,sans-serif"" size=""1"">news email services</FONT></A></td>
</tr>
<tr> 
        <td>&nbsp;<a href=""http://email.cnn.com/member/login.page""><font color=""#000000"" face=""Helvetica, Arial,sans-serif"" size=""1"">free email accounts</FONT></A></td>
</tr>
<tr> 
        <td>&nbsp;<a href=""/desktop/""><font color=""#000000"" face=""Helvetica, Arial,sans-serif"" size=""1"">desktop headlines</FONT></A></td>
</tr>

<tr> 
        <td>&nbsp;<a href=""http://www.pointcast.com/special/affiliates/cnn.html""><font color=""#000000"" face=""Helvetica, Arial,sans-serif"" size=""1"">pointcast</FONT></A><br><br></td>
</tr>

</table>

<!--/MORE SERVICES NAV --> 


<!--DISCUSSION NAV -->

<table border=""0"" width=""125"" cellspacing=""0"" cellpadding=""2"" bgcolor=""#CCCCFF"">

<tr bgcolor=""#000000""> 
    <td><font face=""Helvetica, Arial,sans-serif"" size=""1"" color=""#FFFFFF"">&nbsp;DISCUSSION:</font></td>
</tr>

<tr> 
    <td>&nbsp;<a href=""http://cnn.com/boards/""><font color=""#000000"" face=""Helvetica, Arial,sans-serif"" size=""1"">message boards</FONT></A></td>
</tr>

<tr> 
    <td>&nbsp;<a href=""/chat/""><font color=""#000000"" face=""Helvetica, Arial,sans-serif"" size=""1"">chat</FONT></A></td>
</tr>

<tr> 
    <td>&nbsp;<a href=""/feedback/world.html""><font color=""#000000"" face=""Helvetica, Arial,sans-serif"" size=""1"">feedback</FONT></A><br><br></td>
</tr>

</table>

<!--/DISCUSSION NAV -->


<!-- SITE GUIDES NAV -->

<table border=""0"" width=""125"" cellspacing=""0"" cellpadding=""2"" bgcolor=""#CCCCFF"">

<tr bgcolor=""#000000""> 
    <td><font face=""Helvetica, Arial,sans-serif"" size=""1"" color=""#FFFFFF"">&nbsp;SITE GUIDES:</font></td>
</tr>

<tr> 
    <td>&nbsp;<a href=""/feedback/help/""><font color=""#000000"" face=""Helvetica, Arial,sans-serif"" size=""1"">help</FONT></A></td>
</tr>

<tr> 
    <td>&nbsp;<a href=""/INDEX/""><font color=""#000000"" face=""Helvetica, Arial,sans-serif"" size=""1"">contents</FONT></A></td>
</tr>

<tr> 
    <td>&nbsp;<a href=""/SEARCH/""><font color=""#000000"" face=""Helvetica, Arial,sans-serif"" size=""1"">search</FONT></A><br><br></td>
</tr>

</table>

<!-- /SITE GUIDES NAV -->

<!-- FASTER ACCESS NAV -->

<table border=""0"" width=""125"" cellspacing=""0"" cellpadding=""2"" bgcolor=""#CCCCFF"">

<tr bgcolor=""#000000""> 
        <td><font face=""Helvetica, Arial,sans-serif"" size=""1"" color=""#FFFFFF"">&nbsp;FASTER ACCESS:</font></td>
</tr>

<tr> 
        <td>&nbsp;<a href=""http://europe.cnn.com/""><font color=""#000000"" face=""Helvetica, Arial,sans-serif"" size=""1"">europe</FONT></A></td>
</tr>

<tr> 
        <td>&nbsp;<a href=""http://japan.cnn.com""><font color=""#000000"" face=""Helvetica, Arial,sans-serif"" size=""1"">japan</FONT></A><br><br></td>
</tr>

</table>

<!-- /FASTER ACCESS NAV -->

<!-- WEB SERVICES NAV -->

<table border=""0"" width=""125"" cellspacing=""0"" cellpadding=""2"" bgcolor=""#CCCCFF"">
<tr bgcolor=""#000000""> 
    <td><font face=""Helvetica, Arial,sans-serif"" size=""1"" color=""#FFFFFF"">&nbsp;WEB SERVICES:</font></td>
</tr>
</table>

<center>

<a href=""http://app1.firstusa.com/card.cfm/2WG4DWG23/68L9/""><IMG SRC=""/ads/advertiser/first.usa/9903/2EC51_115x90.gif"" WIDTH=""115"" HEIGHT=""90"" BORDER=""0""></a><br>

<table bgcolor=""#3366CC"" border=""0"" cellspacing=0 cellpadding=0 width=""125""><tr><td bgcolor=""#3366CC""><a href=""http://barnesandnoble.bfast.com/booklink/click?sourceid=12505&categoryid=homepage""><img src=""/ads/advertiser/barnesandnoble/9906/top1.gif"" width=125 height=53 border=""0"" align=""bottom""></a><table bgcolor=""#3366CC"" border=""0"" cellspacing=0 cellpadding=2 width=""125""><tr><td bgcolor=""#3366CC"" colspan=""2"">
<form action=""http://barnesandnoble.bfast.com/booklink/click"">
<input type=""hidden"" name=""sourceid"" value=""290805"">
<input type=""hidden"" name=""categoryid"" value=""searchby"">
<font size=-2 face=""helvetica, arial, ms sans serif, sans-serif"">
<select name=choice>
<option value=keywordsearch>Keyword
<option value=titlesearch>Title
<option value=authorsearch>Author
</select></font></td></tr><tr><td bgcolor=""#3366CC"">
<input type=""text"" name=""userInput"" size=""8""></td><td bgcolor=""#3366CC"">
<input type=""image"" value=""Go"" src=""/ads/advertiser/barnesandnoble/9906/gobutton1.gif"" width=""24"" height=""24"" align=""top"" border=""0"">&nbsp;</td></tr></table></td></tr></table>
</form>
<br><a href=""http://www.realwhitepages.com/index?from=CNN""><IMG SRC=""/ads/advertiser/bellsouth/9904/115x90date.gif"" WIDTH=""115"" HEIGHT=""90"" BORDER=""0""></a>

</center>

<!-- /WEB SERVICES NAV -->
</TD><TD WIDTH=""15""><IMG SRC=""/images/1998/05/homepage/white.gif"" WIDTH=15 HEIGHT=1 HSPACE=0 VSPACE=0 BORDER=0 ALT=""""></TD><TD WIDTH=460 VALIGN=TOP><IMG SRC=""/WORLD/images/1998/04/world.europe.story.gif"" WIDTH=""227"" HEIGHT=""16"" BORDER=0 ALT=""World - Europe""><BR CLEAR=ALL><HR SIZE=1 NOSHADE><!--========================================================--><!--===============Paste story between here=================--><!--========================================================--><font face=""helvetica, arial, sans-serif""><h1>U.N. refugees chief 'very, very worried' about Kosovars</h1></font><TABLE ALIGN=right CELLPADDING=0 CELLSPACING=0 BORDER=0 HSPACE=""5"" VSPACE=""5"" WIDTH=220> <TR><TD COLSPAN=2><!--===========IMAGE============--><!--===========/IMAGE===========--></TD></TR><TR><TD><FONT SIZE=""-2"" FACE=""helvetica, arial""><B><!--===========CAPTION==========--><!-- ap --> Ethnic Albanian children peer from a military tent at a NATO-run refugee camp in Stenkovac, Macedonia<!-- /ap --><BR><BR><!--==================== VOD GALLERY =======================--> <TABLE CELLPADDING=0 CELLSPACING=0 BORDER=0 BGCOLOR=""#CCCCCC"" width=""220"" hspace=0 vspace=0 align=top><TR><TD BGCOLOR=""#FFCC00"" COLSPAN=2><IMG SRC=""/images/1999/02/icons/yellow.ffcc00/video.gif"" HSPACE=2 HEIGHT=13 WIDTH=13 ALIGN=TOP alt=""related video""><FONT FACE=""verdana,helvetica,arial,sans-serif"" SIZE=""1""><B><U>RELATED VIDEO</U></B></FONT></TD></TR><TR><TD colspan=2><TABLE CELLPADDING=1 CELLSPACING=0 BORDER=0 BGCOLOR=""#CCCCCC"" width=""98%"" hspace=0 vspace=0 align=top><!-- ===== vod's from picker ====== --><TR><TD COLSPAN=3><FONT FACE=""verdana,arial,helvetica,sans-serif"" SIZE=""1"">CNN's Richard Blystone follows one family as it decides to leave a border camp for refuge abroad (April 8)</FONT><BR></TD></TR><!-- real --><TR><TD><FONT FACE=""verdana,arial,helvetica,sans-serif"" size=""1"">Real</FONT></TD><TD><FONT FACE=""verdana,arial,helvetica,sans-serif"" size=""1""><A HREF=""javascript:vod('/video/world/1999/04/08/blystone.refugee.family.rm28.html','Life in a refugee camp: One family\'s pain')""><U>28K</U></A></FONT></TD><TD><FONT FACE=""verdana,arial,helvetica,sans-serif"" size=""1""><A HREF=""javascript:vod('/video/world/1999/04/08/blystone.refugee.family.rm80.html','Life in a refugee camp: One family\'s pain')""><U>80K</U></A></FONT></TD></TR><!-- /real --><TR><TD><FONT FACE=""verdana,arial,helvetica,sans-serif"" size=""1"">Windows Media</FONT></TD><TD><FONT FACE=""verdana,arial,helvetica,sans-serif"" size=""1""><A HREF=""javascript:vod('/video/world/1999/04/08/blystone.refugee.family.ns28.html','Life in a refugee camp: One family\'s pain')""><U>28K</U></A></FONT></TD><TD><FONT FACE=""verdana,arial,helvetica,sans-serif"" size=""1""><A HREF=""javascript:vod('/video/world/1999/04/08/blystone.refugee.family.ns80.html','Life in a refugee camp: One family\'s pain')""><U>80K</U></A></FONT></TD></TR><TR><TD colspan=3><HR width=""75%""></TD></TR><TR><TD COLSPAN=3><FONT FACE=""verdana,arial,helvetica,sans-serif"" SIZE=""1"">CNN's Susan Candiotti looks at the preparations being made for refugees (April 7)</FONT><BR></TD></TR><!-- real --><TR><TD><FONT FACE=""verdana,arial,helvetica,sans-serif"" size=""1"">Real</FONT></TD><TD><FONT FACE=""verdana,arial,helvetica,sans-serif"" size=""1""><A HREF=""javascript:vod('/video/us/1999/04/07/candiotti.gitmo.rm28.html','Guantanamo Bay prepares for refugees')""><U>28K</U></A></FONT></TD><TD><FONT FACE=""verdana,arial,helvetica,sans-serif"" size=""1""><A HREF=""javascript:vod('/video/us/1999/04/07/candiotti.gitmo.rm80.html','Guantanamo Bay prepares for refugees')""><U>80K</U></A></FONT></TD></TR><!-- /real --><TR><TD><FONT FACE=""verdana,arial,helvetica,sans-serif"" size=""1"">Windows Media</FONT></TD><TD><FONT FACE=""verdana,arial,helvetica,sans-serif"" size=""1""><A HREF=""javascript:vod('/video/us/1999/04/07/candiotti.gitmo.ns28.html','Guantanamo Bay prepares for refugees')""><U>28K</U></A></FONT></TD><TD><FONT FACE=""verdana,arial,helvetica,sans-serif"" size=""1""><A HREF=""javascript:vod('/video/us/1999/04/07/candiotti.gitmo.ns80.html','Guantanamo Bay prepares for refugees')""><U>80K</U></A></FONT></TD></TR><TR><TD colspan=3><HR width=""75%""></TD></TR><TR><TD COLSPAN=3><FONT FACE=""verdana,arial,helvetica,sans-serif"" SIZE=""1"">CNN's Brent Sadler tours the devastation in Pristina (April 8)</FONT><BR></TD></TR><!-- real --><TR><TD><FONT FACE=""verdana,arial,helvetica,sans-serif"" size=""1"">Real</FONT></TD><TD><FONT FACE=""verdana,arial,helvetica,sans-serif"" size=""1""><A HREF=""javascript:vod('/video/world/1999/04/08/sadler.pristina.damage.rm28.html','A first look at the damage in Pristina')""><U>28K</U></A></FONT></TD><TD><FONT FACE=""verdana,arial,helvetica,sans-serif"" size=""1""><A HREF=""javascript:vod('/video/world/1999/04/08/sadler.pristina.damage.rm80.html','A first look at the damage in Pristina')""><U>80K</U></A></FONT></TD></TR><!-- /real --><TR><TD><FONT FACE=""verdana,arial,helvetica,sans-serif"" size=""1"">Windows Media</FONT></TD><TD><FONT FACE=""verdana,arial,helvetica,sans-serif"" size=""1""><A HREF=""javascript:vod('/video/world/1999/04/08/sadler.pristina.damage.ns28.html','A first look at the damage in Pristina')""><U>28K</U></A></FONT></TD><TD><FONT FACE=""verdana,arial,helvetica,sans-serif"" size=""1""><A HREF=""javascript:vod('/video/world/1999/04/08/sadler.pristina.damage.ns80.html','A first look at the damage in Pristina')""><U>80K</U></A></FONT></TD></TR></TABLE><!-- ===== /vod's from picker ====== --></TD></TR><SCRIPT LANGUAGE=""Javascript"" SRC=""/WORLD/virtual/kosovo.vod.gallery.js""></SCRIPT><FORM NAME=""control""><TR><TD align=center colspan=2><!-- tease image here.... use image from a vod table --><br clear=all><TEXTAREA name=""caption"" rows=""6"" cols=""23"" wrap=virtual>To view the latest video streams on the strikes in Yugoslavia, use the arrow buttons below to scroll through the video gallery.</TEXTAREA></TD></TR><!-- === real/windows ===--><TR><TD>&nbsp;&nbsp;&nbsp;&nbsp;&nbsp;&nbsp;<INPUT name=""media"" checked type=""radio"" value=""ns"" onClick=""med = 'ns'""><font face=""verdana, helvetica, arial, sans-serif"" size=1>Windows Media</font></TD><TD><INPUT name=""media"" type=""radio"" value=""rm"" onClick=""med = 'rm'""><font face=""verdana, helvetica, arial, sans-serif"" size=1>Real</font></TD></TR><TR bgcolor=""#cccccc""><TD colspan=2><HR width=""75%""></TD></TR><!-- === /real/windows ===--><TR bgcolor=""#cccccc""><TD>&nbsp;&nbsp;&nbsp;&nbsp;&nbsp;&nbsp;<INPUT name=""stream"" checked type=""radio"" value=""28"" onClick=""str = '28'""><font face=""verdana, helvetica, arial, sans-serif"" size=1>28 K</font></TD><TD><INPUT name=""stream"" type=""radio"" value=""28"" onClick=""str = '80'""><font face=""verdana, helvetica, arial, sans-serif"" size=1>80 K</font></TR><TR><TD align=center colspan=2><INPUT type=""BUTTON""  value=""&nbsp;&nbsp;&laquo;&nbsp;"" name=""left"" onClick=""forward()""><INPUT type=""BUTTON""  value=""SELECT"" name=""select"" onClick=""selected(a)""><INPUT type=""BUTTON""  value=""&nbsp;&raquo;&nbsp;&nbsp;"" name=""right"" onClick=""back()""></TD></TR></FORM></table><!--=================== /VOD GALLERY =======================--><!--=========== BOTTOM TABLE ===========--><table align=top border=0 cellspacing=0 cellpadding=2 width=""100%"" hspace=5 vspace=5><!-- ========= IMAGE GALLERY ======== --><tr><td bgcolor=""#FFCCOO""><IMG SRC=""/images/1998/05/storypage/interactive.FFCC00.gif"" ALT=""Interactive"" ALIGN=TOP WIDTH=""15"" HEIGHT=""15"" BORDER=""0"" HSPACE=""2"" VSPACE=""0""><font face=""Verdana, helvetica, arial, sans-serif"" size=""1""><u><b>IMAGE GALLERY:</b></u></font></td></tr><tr><td align=center bgcolor=""#FFFFCC""><font size=1 face=""Verdana, helvetica, arial, sans-serif"">Burning flags and rock concerts:<BR><A HREF=""javascript:openWindow('/interactive/world/9904/rally.gallery/frameset.exclude.html','windowname','toolbar=no,location=no,directories=no,status=no,menubar=no,scrollbars=yes,resizable=no,width=510,height=400')"">Protesting the NATO strikes</A><BR><BR><A HREF=""javascript:openWindow('/interactive/world/9904/pristina.image.gallery/frameset.exclude.html','windowname','toolbar=no,location=no,directories=no,status=no,menubar=no,scrollbars=yes,resizable=no,width=510,height=400')"">Devastation of Kosovo capital</A><BR><BR><A HREF=""javascript:openWindow('/interactive/world/9903/serb.gallery/frameset.exclude.html','windowname','toolbar=no,location=no,directories=no,status=no,menubar=no,scrollbars=yes,resizable=no,width=510,height=400')"">The Serbs and Kosovo</A></font></td></tr><!-- ========= /IMAGE GALLERY ======== --><!-- ========= ALSO ======== --><tr><td bgcolor=""#FFCC00""><font face=""Verdana, helvetica, arial, sans-serif"" size=""1"">&nbsp;<b>ALSO</b></font></td></tr><tr><td align=center bgcolor=""#FFFFCC""><font size=1 face=""Verdana, helvetica, arial, sans-serif""><a href=""/WORLD/europe/9904/08/kosovo.russia/index.html"">Russia presses on for diplomatic end to Kosovo crisis</a><a href=""/US/9904/08/us.kosovo.01/index.html"">U.S. may increase attack helicopters in   Yugoslavia</a><br><BR><a href=""/US/9904/08/captured.soldiers.06/index.html"">Effort to free U.S. soldiers may fall short</a><BR><BR><a href=""/WORLD/europe/9904/08/nato.attack.02/"">NATO denies causing 'widespread' civilian damage</a><BR><BR><a href=""/WORLD/europe/9904/07/refugee.account/"">Kosovar refugee wants to go back home</a><BR><BR></font></td></tr><!-- ========= /ALSO ======== --><!-- ap --><!-- ========= MESSAGE BOARD ======== --><tr><td bgcolor=""#FFCC00""><font face=""Verdana, helvetica, arial, sans-serif"" size=""1"">&nbsp;<b>MESSAGE BOARD</b></font></td></tr><tr><td align=center bgcolor=""#FFFFCC""><font size=1 face=""Verdana, helvetica, arial, sans-serif""><a href=""http://cnnplus.cnn.com/WebX?13@@.ee6b2b1"">Crisis in Kosovo</a><BR></font></td></tr><!-- ========= /MESSAGE BOARD ======== --><!-- /ap --><!-- ========= MAPS ======== --><tr><td bgcolor=""#FFCC00""><font face=""Verdana, helvetica, arial, sans-serif"" size=""1"">&nbsp;<b>MAPS</b></font></td></tr><tr><td align=center bgcolor=""#FFFFCC""><font size=1 face=""Verdana, helvetica, arial, sans-serif""><a href=""/WORLD/europe/9904/01/nato.attack.03/nato.maps/"">NATO officials describe attacks from day  one through day fifteen</a></font></td></tr></font></td></tr><!-- ========= MESSAGE BOARD ======== --></table><!--===========/CAPTION=========--></B></FONT></TD><TD Width=""15"">&nbsp;</TD></TR></TABLE><font face=""helvetica, arial, sans-serif""><h3>Britain accuses Serbs of returning them by force</h3></font> <P><!-- date --><p><FONT FACE=""Verdana, Arial, Helvetica, sans-serif"" SIZE=""1"" color=""#333333""><i><b>April 8, 1999</b><br> Web posted at: 6:25 p.m. EDT (2225 GMT)</i></font></p><!-- /date --></P><TABLE border=0 cellpadding=0 cellspacing=0 width=215 align=top><TR><TD><HR SIZE=""1"" WIDTH=""170"" ALIGN=""LEFT""><FONT FACE=""Verdana, Arial, Helvetica, sans-serif"" size=1><B>In this story:</B></FONT><BR><BR><FONT FACE=""Verdana, Arial, Helvetica, sans-serif"" SIZE=""1""><A HREF=""#1"">Border crossings deserted</A><BR><BR><A HREF=""#2"">Albanian refugees move south</A><BR><BR><A HREF=""#3"">Situation improves in Macedonia</A><BR><BR><B><A HREF=""#r"">RELATED STORIES, SITES</B><IMG SRC=""/images/1999/02/icons/white.ffffff/down.gif"" ALT=""icon"" WIDTH=""13"" HEIGHT=""13"" BORDER=0></A></FONT><BR><BR><HR SIZE=""1"" WIDTH=""170"" ALIGN=""LEFT""></TD></TR></TABLE> <P><A HREF=""england.london.jpg"">LONDON</A> (CNN) -- The director of the U.N.'s refugee program said Thursday she was ""very, very worried"" about the fate of thousands of Kosovo refugees.  Earlier in the day, Britain accused Serb forces of rounding up thousands of displaced Kosovars at the Albania-Macedonia borders and forcing them to return to the embattled Serb province.</P><P>The ethnic Albanians from Kosovo were trying to cross into those countries to escape the fighting in Yugoslavia.</P><P>""They seem now to have started rounding up refugees queuingto leave Kosovo and returning them by force,"" said Clare Short, British Secretary of State for International Development, at a news conference in London.</P><P>""We do not know whether they have been driven back to their homes or elsewhere within Kosovo,"" she said.</P><P>U.N. High Commissioner for Refugees <A HREF=""link.sadako.ogata.jpg"">Sadako Ogata</A>  also expressed concern.</P><P>""We don't know what has happened to them. I'm very, very worried,"" she told a news conference in Albania.</P><P>She said she did not have any doubt that reports of rapes and other atrocities allegedly committed by Serb forces were true. Ogata said Yugoslav President Slobodan Milosevic had denied the refugee reports.</P><P><A NAME=""1""><font face=""helvetica, arial, sans-serif""><h3>Border crossings deserted</h3></font></A></P><P>CNN correspondents who visited the Albania-Kosovo border Thursday said Serb forces could be seen laying what appeared to be mines just inside their territory at <A HREF=""yugo.belgrade.kosovo.jpg"">Morina</A>, the main border crossing into <A HREF=""yugo.belgrade.kosovo.jpg"">Albania</A>. </P><P>There were other reports of soldiers digging trenches and checking old bunkers in the area.</P><P>CNN Correspondent Mike Boettcher, who was at the Kosovo-Albania border, said thousands of Kosovars who had lined up on the Yugoslav side of the border, hoping to cross into Albania, were gone Thursday. </P><P>Boettcher said he was told that many vehicles belonging to ethnic Albanians were found abandoned, some of them burned, along the road leading to the border post.</P><P>According to Serbian media, the Kosovars returned to their homes amid assurances that it was safe to return.</P><P>U.S. State Department spokesman <A HREF=""link.james.rubin.jpg"">James Rubin</A> said Washington had ""credible but not confirmed reports"" that war crimes had been committed by Serb forces against ethnic Albanians in Kosovo.</P><P>Rubin said the U.S. government would turn over its evidence to the International War Crimes Tribunal for the former Yugoslavia.</P><TABLE ALIGN=right CELLPADDING=0 CELLSPACING=0 BORDER=0 HSPACE=""5"" VSPACE=""5"" WIDTH=220> <TR><TD COLSPAN=2><!--===========IMAGE============--><IMG SRC=""food.kukes.jpg"" ALT=""kukes food"" ALIGN=TOP WIDTH=""226"" HEIGHT=""170"" BORDER=""0""><!--===========/IMAGE===========--></TD></TR><TR><TD><FONT SIZE=""-2"" FACE=""helvetica, arial""><B><!--===========CAPTION==========-->An International Red Cross volunteer hands out food<!--===========/CAPTION=========--></B></FONT></TD><TD Width=""15"">&nbsp;</TD></TR></TABLE><P><A NAME=""2""><font face=""helvetica, arial, sans-serif""><h3>Albanian refugees move south</h3></font></A></P><P>Ogata said she was pleased that Albania had allowed in about 300,000 refugees.</P><P>The NATO-run refugee transit centers in northern Albania -- particularly in the main camp at Kukes -- were moving people south.</P><P>Authorities told CNN Correspondent Satinger Bindra in Kukes that they were trying to move thousands of refugees to Tirana, the capital.</P><P>There were about 100,000 refugees at Kukes, and aid officials were trying to improve their living conditions, particularly sanitation.  Several children were sick with measles, and there were fears that other diseases could erupt.</P><P>However, Ogata admitted that there were bottlenecks in the processing of aid supplies being flown in.  Tirana airport was overcrowded because of inadequate off-loading facilities and congested air space.</P><P><A NAME=""3""><font face=""helvetica, arial, sans-serif""><h3>Situation improves in Macedonia</h3></font></A></P><P>Britain said conditions had improved markedly for refugees in Macedonia who were moved from squalid camps to new NATO tent cities housing about 43,000 refugees.</P><P>But London said NATO officials were worried because some of the refugees were being sent out of the country.</P><P>""We remain concerned that refugees in Macedonia are being forced onto planes and buses. This is unacceptable. We understand Macedonian concerns and will provide support to Macedonia, provided it complies with international rights and norms in its treatment of refugees,"" Short said. </P><P>The Macedonian authorities rejected international criticism of the way it was handling the refugees. And a government statement said there were no refugees unaccounted for.</P><!--========================================================--><!--======================= Relateds =======================--><!--========================================================--><!--========================================================--> <hr size=""1""><font face=""Verdana, Arial, Helvetica, sans-serif"" size=""1""><A NAME=""r""><b>RELATED STORIES:</b></A><blockquote><a href=""/WORLD/europe/9904/08/kosovo.refugees.02/index.html"">Britain accuses Serbs of preventing Kosovars' escapes</a><BR>April 8, 1999<BR><a href=""/WORLD/europe/9904/08/nato.attack.01/"">NATO strikes target Serb ground forces, complicate GI release efforts</a><BR>April 8, 1999<BR><a href=""/WORLD/europe/9904/08/kosovo.refugees.01/index.html"">Yugoslavian borders closed, refugees' fate 'alarming'</a><BR>April 8, 1999<BR><a href=""/content/WORLD/europe/9904/07/nato.attack.04/index.html"">Blasts shake Belgrade in dawn of third week of airstrikes</a><BR>April 7, 1999<BR><a href=""/WORLD/europe/9904/07/nato.attack.02/"">NATO reports 'breakthrough' against Serb forces</a><BR>April 7, 1999<BR><a href=""/WORLD/europe/9904/07/nato.attack.01/index.html"">NATO defies Yugoslav cease-fire with more bombing</a><BR>April 7, 1999<BR><a href=""/WORLD/europe/9904/06/nato.attack.04/index.html"">NATO rejects cease-fire, resumes bombing Yugoslavia</a><BR>April 6, 1999<BR><a href=""/WORLD/europe/9904/06/nato.attack.03/index.html"">NATO rejects Yugoslav unilateral cease-fire offer</a><BR>April 6, 1999<BR><a href=""/WORLD/europe/9904/06/serb.town.hit/index.html"">Airstrikes hit home in a small Serbian town</a><BR>April 6, 1999<BR><a href=""/US/9904/04/us.kosovo.01/index.html"">Support for ground troops swells in Congress </a><BR>April 4, 1999<BR></blockquote><hr size=""1""><b>RELATED SITES:</b> <blockquote>        Extensive list of Kosovo-related sites<BR> &nbsp;&nbsp;&#149;&nbsp;<a href=""/SPECIALS/1998/10/kosovo/related.sites/"">Kosovo</a><BR><BR>        Yugoslavia: <BR>&nbsp;&nbsp;&#149;&nbsp;<A HREF=""http://www.gov.yu/facts/facts.html"" target=""new"">Federal Republic of Yugoslavia official site</A><BR>&nbsp;&nbsp;&nbsp;&nbsp;&nbsp;&nbsp;&#149;&nbsp;<A HREF=""http://www.gov.yu/kosovo_facts/"" target=""new"">Kesovo and Metohija facts</A><BR>&nbsp;&nbsp;&#149;&nbsp;<A HREF=""http://www.serbia-info.com/"" target=""new"">Serbia Ministry of Information</A><BR>&nbsp;&nbsp;&#149;&nbsp;<A HREF=""http://www.sn-ol.com/news/"" target=""new"">Serbia Now! News</A><BR><BR><BR>Kosovo:<BR>&nbsp;&nbsp;&#149;&nbsp;<A HREF=""http://www.alb-net.com/index.htm"" target=""new"">Kosova Crisis Center</A><BR>&nbsp;&nbsp;&#149;&nbsp;<A HREF=""http://www.klpm.org/"" target=""new"">Kosova Liberation Peace Movement</A><BR>&nbsp;&nbsp;&#149;&nbsp;<A HREF=""http://www.albanian.com/main/countries/kosova/"" target=""new"">Kosovo - from Albanian.com</A><BR><BR>Military: <BR>&nbsp;&nbsp;&#149;&nbsp;<A HREF=""http://www.nato.int/"" target=""new"">NATO official site</A><BR>&nbsp;&nbsp;&#149;&nbsp;<A HREF=""http://www.dtic.mil/bosnia/index.html"" target=""new"">BosniaLINK - U.S. Dept. of Defense</A><BR>&nbsp;&nbsp;&#149;&nbsp;<A HREF=""http://www.chinfo.navy.mil/navpalib/news/kosovo/alliedforce.html"" target=""new"">U.S. Navy images from Operation Allied Force</A><BR>&nbsp;&nbsp;&#149;&nbsp;<A HREF=""http://www.mod.uk/news/kosovo/"" target=""new"">U.K. Ministry of Defence - Kosovo news</A><BR>&nbsp;&nbsp;&#149;&nbsp;<A HREF=""http://www.raf.mod.uk/news/kosovonews.html"" target=""new"">U.K. Royal Air Force - Kosovo news</A><BR>&nbsp;&nbsp;&#149;&nbsp;<A HREF=""http://defence.janes.com/"" target=""new"">Jane's Defence - Kosovo Crisis</A><BR><BR>Relief:<BR>&nbsp;&nbsp;&#149;&nbsp;<a href=""http://www.intrescom.org/"" target=""new"">International Rescue Committee</a><BR>&nbsp;&nbsp;&#149;&nbsp<a href=""http://www.unicefusa.org/kosovo"">Unicef USA</a><BR>&nbsp;&nbsp;&#149;&nbsp<a href=""http://www.dwb.org/index.htm"" target=""new"">Doctors Without Borders </a><BR>&nbsp;&nbsp;&#149;&nbsp<a href=""http://worldvision.org/worldvision/master.nsf/stable/index.htm"" target=""new"">World Vision</a><BR>&nbsp;&nbsp;&#149;&nbsp<a href=""http://www.care.org/"" target=""new"">CARE: The Kosovo Crisis</a><BR>&nbsp;&nbsp;&#149;&nbsp;<a href=""http://www.interaction.org/"" target=""new"">InterAction</a><BR>&nbsp;&nbsp;&#149;&nbsp;<a href=""http://www.ifrc.org/"" target=""new"">International Federation of Red Cross and Red Crescent Societies</a><BR>&nbsp;&nbsp;&#149;&nbsp;<a href=""http://www.helpicrc.org/english/news/index.html"" target=""new"">International Committee of the Red Cross</a><BR>&nbsp;&nbsp;&#149;&nbsp;<a href=""http://www.DisasterRelief.org/"" target=""new"">Disaster Relief from DisasterRelief.org</a><BR>&nbsp;&nbsp;&#149;&nbsp;<a href=""http://www.catholicrelief.org/"" target=""new"">Catholic Relief Services</a><BR>&nbsp;&nbsp;&#149;&nbsp;<a href=""http://www.islam.org/Relief/Kosovo/"" target=""new"">Kosovo Relief</a><BR>&nbsp;&nbsp;&#149;&nbsp;<a href=""http://wwwnotes.reliefweb.int/"" target=""new"">ReliefWeb: Home page</a><BR><BR><BR>Media:<BR>&nbsp;&nbsp;&#149;&nbsp;<A HREF=""http://www.b92.net/"" target=""new"">Independent Yugoslav radio stations B92</A><BR>&nbsp;&nbsp;&#149;&nbsp;<A HREF=""http://www.iwpr.net/"" target=""new"">Institute for War and Peace Reporting</A><BR>&nbsp;&nbsp;&#149;&nbsp;<A HREF=""http://www.usia.gov/regional/eur/balkans/kosovo/"" target=""new"">United States Information Agency - Kosovo Crisis</A><BR><BR>Other: <BR>&nbsp;&nbsp;&#149;&nbsp;<A HREF=""http://www.eurimage.com/Common/Kosovo/k1.html"" target=""new"">1997 view of Kosovo from space - Eurimage</A><BR>&nbsp;&nbsp;&#149;&nbsp;<a href=""http://www.earthlinkmission.org/bwolf.html"" target=""new"">Prayers for peace</a></blockquote><blockquote> <div align=""LEFT""><b>Note:  Pages will open in a new browser window </b></div><font size=1><em>External sites are not endorsed by CNN Interactive.</em></font></font><BR></blockquote><table cellpadding=0 cellspacing=0 border=0><tr valign=top> <td width=""460"" bgcolor=""#000033"" height=""13""><font face=""Verdana, Arial, Helvetica, sans-serif"" size=""1"" color=""#FFFFFF""> <b>&nbsp;LATEST HEADLINES:</b></font></td></tr>	<TR><td width=""460"" bgcolor=""#FFFFCC"">                   </td></TR></table><!--========================================================--><!-- ====================== Relateds =======================--><!--========================================================--><!--========================================================--><!--===============Paste story between here=================--><!--========================================================--><!-- search box -->

<form name=seek method=get action=""http://search.cnn.com:80/query.html"">
  <table width=""460"" cellpadding=""5"" cellspacing=""0"" border=""0"" bgcolor=""#333399"">
    <tr valign=top> 
<td bgcolor=""#333333""> 
<a href=""http://search.cnn.com"" class=white><b><font face=""Verdana, Arial, Helvetica, sans-serif"" size=""2"" color=""#FFFFFF"">SEARCH 
  CNN.com</font><font face=""Helvetica, Arial, sans-serif"" size=""1"" color=""#000000""> 
  </font></b></a> <font color=""#000000""><br>
  </font></td>
    </tr>
    <tr valign=top> 
<td bgcolor=""#999999""><font color=""#000000""><b><font face=""Helvetica, Arial, sans-serif"" size=""1""><font size=""2"" face=""Verdana, Arial, Helvetica, sans-serif""><font color=""#FFFFFF""> 
  </font></font></font></b><font face=""Helvetica, Arial, sans-serif"" size=""1"" color=""#FFFFFF""><font size=""2"" face=""Verdana, Arial, Helvetica, sans-serif"" color=""#000000"">Enter 
  keyword(s)</font></font> 
  <input type=""TEXT"" name=""qt"" size=""30"" value="""" maxlength=""40"">
  &nbsp; <font size=""2"" face=""Verdana, Arial, Helvetica, sans-serif"" color=""#FFFFFF""><b><a href=""javascript:document.seek.submit()""><font color=""#000066"">go</font></a>&nbsp; 
  &nbsp; <a href=""http://search.cnn.com:80/help/""><font color=""#000066"">help</font></a></b></font> 
  </font>
  <input type=hidden name=qc value="""">
<input type=hidden name=col value=""cnni"">
<input type=hidden name=qm value=""0"">
<input type=hidden name=st value=""1"">
<input type=hidden name=nh value=""10"">
<input type=hidden name=lk value=""1"">
<input type=hidden name=rf value=""1"">

  </td>
    </tr>
  </table>
</form>

<!-- /search box -->

<TR><TD COLSPAN=""3""><HR NOSHADE WIDTH=""600"" SIZE=""1"" ALIGN=""LEFT""></TD></TR></TD></TR></TABLE><TABLE BORDER=""0"" WIDTH=""600"" CELLSPACING=""0"" CELLPADDING=""0""><TR><TD WIDTH=125  VALIGN=TOP><font face=""Verdana, HELVETICA, ARIAL, sans-serif"" size=""1""><B><a href=""#top""> Back to the top</a></B></font></TD><TD WIDTH=""15"">&nbsp;</TD><TD WIDTH=""460"" VALIGN=TOP><font face=""Verdana, HELVETICA, ARIAL, sans-serif"" size=""1""><B>&#169; 2001 Cable News Network.</B> All Rights Reserved.<br><a href=""/interactive_legal.html"">Terms</a> under which this service is provided to you.<br>Read our <A HREF=""/privacy.html"">privacy guidelines</A>.</font><br></TD></TR></TABLE></BODY></HTML>"
1,"com,cnn,edition)/world/europe/9904/15/nato.attack.05",20191114074655,http://edition.cnn.com/WORLD/europe/9904/15/nato.attack.05/,text/html,text/html,200,KKP3BQ67HXS5UYFYQTTMAFI3TLAWVMYA,12704,51807730,crawl-data/CC-MAIN-2019-47/segments/1573496668004.65/warc/CC-MAIN-20191114053752-20191114081752-00110.warc.gz,eng,ISO-8859-1,"<HTML>
<!-- cnnvideo -->

<HEAD>
<TITLE>CNN - NATO searches for answers in Kosovo convoy killings - April 15, 1999</TITLE>
<SCRIPT LANGUAGE=""Javascript"" SRC=""/virtual/1998/code/cnn.js""></SCRIPT>
<LINK REL=""stylesheet"" HREF=""/virtual/1998/code/cnn.css"" TYPE=""text/css"">
</HEAD>

<!-- Writer:       sn -->
<!-- AP:           cs -->
<!-- Copy editor:  dk -->
<!-- Web editor:   pat -->
<!-- Sysop:        al -->



<BODY BGCOLOR=""#FFFFFF"" LINK=""#0000CC"" ALINK=""#FF0000"" VLINK=""#777777"">
<A NAME=""top""></A>
<TABLE WIDTH=600 CELLPADDING=""0"" CELLSPACING=""0"" BORDER=""0"">
<TR><TD COLSPAN=""3"">
<TABLE BORDER=""0"" WIDTH=""600"" CELLSPACING=""0"" CELLPADDING=""0""><TR VALIGN=""TOP""><TD WIDTH=""120""></TD><TD WIDTH=""8"" ALIGN=RIGHT><A HREF=""/ads/e.market/""><IMG SRC=""/images/1998/05/homepage/ad.info.gif"" WIDTH=7 HEIGHT=62 BORDER=0 ALT=""ad info""></A></TD><TD WIDTH=""468""></TD></TR></TABLE>
<HR NOSHADE WIDTH=""600"" SIZE=""1"" ALIGN=""LEFT"">
</TD></TR><TR VALIGN=TOP><TD WIDTH=""125"">

<a href=""/index.html""><img src=""/images/1999/08/cnn_logo.gif"" alt=""CNN.com"" width=""125"" height=""43"" border=""0"" hspace=""0"" vspace=""0""></a><br>

<!--TOP-LEVEL NAVIGATION-->  

<table border=""0"" width=""125"" cellspacing=""0"" cellpadding=""2"" bgcolor=""#CCCCFF"">

<tr> 
  <td><b><font face=""Helvetica, Arial,sans-serif"" size=""1"">&nbsp;<a href=""/index.html""><font color=""#000000"">MAIN PAGE</font></a></font></b></td>
</tr>

<tr> 
  <td bgcolor=""#333399""><img src=""/images/1998/05/homepage/icon.arrow.down.gif"" width=""15"" height=""15"" align=""RIGHT""><b><font face=""Helvetica, Arial,sans-serif"" size=""1"">&nbsp;<a href=""/WORLD/""><font color=""#FFFFFF"">WORLD</font></a></font></b></td>
</tr>

<tr> 
  <td bgcolor=""#9999FF""><b><font face=""Helvetica, Arial,sans-serif"" size=""1"">&nbsp; &nbsp;<a href=""/WORLD/africa""><font color=""#000000"">africa</font></a></font></b></td>
</tr>

<tr> 
  <td bgcolor=""#9999FF""><b><font face=""Helvetica, Arial,sans-serif"" size=""1"">&nbsp; &nbsp;<a href=""/WORLD/americas""><font color=""#000000"">americas</font></a></font></b></td>
</tr>

<tr> 
  <td bgcolor=""#9999FF""><b><font face=""Helvetica, Arial,sans-serif"" size=""1"">&nbsp; &nbsp;<a href=""/ASIANOW/""><font color=""#CC0000"">asianow</font></a></font></b></td>
</tr>

<tr> 
  <td bgcolor=""#9999FF""><b><font face=""Helvetica, Arial,sans-serif"" size=""1"">&nbsp; &nbsp;<a href=""/WORLD/europe""><font color=""#CC0000"">europe</font></a></font></b></td>
</tr>

<tr> 
  <td bgcolor=""#9999FF""><b><font face=""Helvetica, Arial,sans-serif"" size=""1"">&nbsp; &nbsp;<a href=""/WORLD/meast""><font color=""#000000"">middle east</font></a></font></b></td>
</tr>

<tr> 
  <td><b><font face=""Helvetica, Arial,sans-serif"" size=""1"">&nbsp;<a href=""/US/""><font color=""#000000"">U.S.</font></a></font></b></td>
</tr>

<tr> 
  <td><b><font face=""Helvetica, Arial,sans-serif"" size=""1"">&nbsp;<a href=""/LOCAL/""><font color=""#000000"">LOCAL</font></a></font></b></td>
</tr>

<tr> 
  <td><b><font face=""Helvetica, Arial,sans-serif"" size=""1"">&nbsp;<a href=""/ALLPOLITICS/index.html""><font color=""#000000"">POLITICS</font></a></font></b></td>
</tr>

<tr> 
  <td><b><font face=""Helvetica, Arial,sans-serif"" size=""1"">&nbsp;<a href=""/WEATHER/""><font color=""#000000"">WEATHER</font></a></font></b></td>
</tr>

<tr> 
  <td><b><font face=""Helvetica, Arial,sans-serif"" size=""1"">&nbsp;<a href=""/cnnfn/""><font color=""#000000"">BUSINESS</font></a></font></b></td>
</tr>

<tr> 
  <td><b><font face=""Helvetica, Arial,sans-serif"" size=""1"">&nbsp;<a href=""/cnnsi/""><font color=""#000000"">SPORTS</font></a></font></b></td>
</tr>

<tr> 
  <td><b><font face=""Helvetica, Arial,sans-serif"" size=""1"">&nbsp;<a href=""/TECH/""><font color=""#000000"">TECHNOLOGY</font></a></font></b></td>
</tr>

<tr> 
  <td><b><font face=""Helvetica, Arial,sans-serif"" size=""1"">&nbsp;<a href=""/NATURE/""><font color=""#000000"">NATURE</font></a></font></b></td>
</tr>

<tr> 
  <td><b><font face=""Helvetica, Arial,sans-serif"" size=""1"">&nbsp;<a href=""/SHOWBIZ/""><font color=""#000000"">ENTERTAINMENT</font></a></font></b></td>
</tr>

<tr> 
  <td><b><font face=""Helvetica, Arial,sans-serif"" size=""1"">&nbsp;<a href=""/books/""><font color=""#000000"">BOOKS</font></a></font></b></td>
</tr>

<tr> 
  <td><b><font face=""Helvetica, Arial,sans-serif"" size=""1"">&nbsp;<a href=""/TRAVEL/""><font color=""#000000"">TRAVEL</font></a></font></b></td>
</tr>

<tr> 
  <td><b><font face=""Helvetica, Arial,sans-serif"" size=""1"">&nbsp;<a href=""/FOOD/""><font color=""#000000"">FOOD</font></a></font></b></td>
</tr>

<tr> 
  <td><b><font face=""Helvetica, Arial,sans-serif"" size=""1"">&nbsp;<a href=""/HEALTH/""><font color=""#000000"">HEALTH</font></a></font></b></td>
</tr>

<tr> 
  <td><b><font face=""Helvetica, Arial,sans-serif"" size=""1"">&nbsp;<a href=""/STYLE/""><font color=""#000000"">STYLE</font></a></font></b></td>
</tr>

<tr> 
  <td><b><font face=""Helvetica, Arial,sans-serif"" size=""1"">&nbsp;<a href=""/SPECIALS/""><font color=""#000000"">IN-DEPTH</font></a></font></b></td>
</tr>

<tr>
	<td><hr size=1 noshade></td>
</tr>

<tr> 
  <td><font face=""Helvetica, Arial,sans-serif"" size=""1"">&nbsp;<a href=""http://customnews.cnn.com/cnews/pna.myhome?p_section_name=World""><font color=""#000000"">custom news</font></a></font></td>
</tr>

<tr> 
  <td><font face=""Helvetica, Arial,sans-serif"" size=""1"">&nbsp;<a href=""/QUICKNEWS/""><font color=""#000000"">Headline News brief</font></a></font></td>
</tr>

<tr> 
  <td><font face=""Helvetica, Arial,sans-serif"" size=""1"">&nbsp;<a href=""/almanac/daily/""><font color=""#000000"">daily almanac</font></a></font></td>
</tr>


<tr> 
  <td><font face=""Helvetica, Arial,sans-serif"" size=""1"">&nbsp;<a href=""/CNN/""><font color=""#000000"">CNN networks</font></a></font></td>
</tr>

<tr> 
  <td><font face=""Helvetica, Arial,sans-serif"" size=""1"">&nbsp;<a href=""/CNNPromos/cnn.html""><font color=""#000000"">CNN programs</font></a></font></td>
</tr>

<tr> 
  <td><font face=""Helvetica, Arial,sans-serif"" size=""1"">&nbsp;<a href=""/TRANSCRIPTS/""><font color=""#000000"">on-air transcripts</font></a></font></td>
</tr>

<tr> 
  <td><font face=""Helvetica, Arial,sans-serif"" size=""1"">&nbsp;<a href=""/SEARCH/quiz/quiz.html""><font color=""#000000"">news quiz</font></a></font><br><br></td>
</tr>

</table>

<!--/TOP-LEVEL NAVIGATION -->


<!-- CNN WEB SITES NAV -->

<table border=""0"" width=""125"" cellspacing=""0"" cellpadding=""2"" bgcolor=""#CCCCFF"">

<tr bgcolor=""#000000""> 
    <td><font face=""Helvetica, Arial,sans-serif"" size=""1"" color=""#FFFFFF"">&nbsp; CNN WEB SITES:</font></td>
</tr>

<tr><td bgcolor=""#FFFFFF"">

<map name=""sites"">
            <area shape=""rect"" COORDS=""0,96,56,115""
            	href=""http://www.cnndanmark.dk/"">
			<area shape=""rect"" coords=""0, 82, 55, 95""
				href=""http://cnn.vg.no/"">
			<area shape=""rect"" coords=""0, 69, 66, 82""
				href=""http://cnn.passagen.se/"">
			<area shape=""rect"" coords=""0, 55, 84, 69""
				href=""/cnnpt/"">
			<area shape=""rect"" coords=""0, 40, 75, 55""
				href=""/cnnes/"">
			<area shape=""rect"" coords=""64, 20, 121, 40""
				href=""/cnnfn/"">
			<area shape=""rect"" coords=""0, 20, 64, 40""
				href=""/ALLPOLITICS/"">
			<area shape=""rect"" coords=""64, 0, 121, 20""
				href=""/cnnsi/"">
			<area shape=""rect"" coords=""0, 0, 64, 20""
				href=""/CustomNews/"">

</map>

	<img src=""/images/1999/03/cnn_web_site.gif"" alt=""CNN Websites"" width=""121"" height=""104"" border=""0"" usemap=""#sites"">


</td></tr>

</table>

<!-- /CNN WEB SITES NAV -->

<!--PATHFINDER NAV -->

<table border=""0"" width=""125"" cellspacing=""0"" cellpadding=""2"" bgcolor=""#CCCCFF"">

<tr bgcolor=""#000000""> 
        <td><font face=""Helvetica, Arial,sans-serif"" color=""#FFFFFF"" size=""1"">&nbsp;TIME INC. SITES:</font></td>
</tr>

<tr> 
        <FORM name=""pathfinder"">
		<td align=center>
        <SELECT NAME=""site"" SIZE=1 onChange =""goTW()"">
		<OPTION VALUE=""""> Go To ... 
		<OPTION VALUE=""http://www.pathfinder.com/time/"">Time.com
		<OPTION VALUE=""http://www.pathfinder.com/people/"">People
		<OPTION VALUE=""http://jcgi.pathfinder.com/money/plus/index.oft"">Money
		<OPTION VALUE=""http://www.pathfinder.com/fortune/"">Fortune
		<OPTION VALUE=""http://cgi.pathfinder.com/ew/"">EW
		</SELECT>
		</td>
		</FORM>
</tr>

</table>


<!--/PATHFINDER NAV --> 

<!--MORE SERVICES NAV -->

<table border=""0"" width=""125"" cellspacing=""0"" cellpadding=""2"" bgcolor=""#CCCCFF"">

<tr bgcolor=""#000000""> 
        <td><font face=""Helvetica, Arial,sans-serif"" color=""#FFFFFF"" size=""1"">&nbsp;MORE SERVICES:</font></td>
</tr>

<tr> 
        <td>&nbsp;<a href=""/videoselect/""><font color=""#000000"" face=""Helvetica, Arial,sans-serif"" size=""1"">video on demand</FONT></A></td>
</tr>

<tr> 
        <td>&nbsp;<a href=""/video_vault/""><font color=""#000000"" face=""Helvetica, Arial,sans-serif"" size=""1"">video archive</FONT></A></td>
</tr>

<tr> 
        <td>&nbsp;<a href=""/audioselect/""><font color=""#000000"" face=""Helvetica, Arial,sans-serif"" size=""1"">audio on demand</FONT></A></td>
</tr>

<tr> 
        <td>&nbsp;<a href=""/EMAIL/""><font color=""#000000"" face=""Helvetica, Arial,sans-serif"" size=""1"">news email services</FONT></A></td>
</tr>
<tr> 
        <td>&nbsp;<a href=""http://email.cnn.com/member/login.page""><font color=""#000000"" face=""Helvetica, Arial,sans-serif"" size=""1"">free email accounts</FONT></A></td>
</tr>
<tr> 
        <td>&nbsp;<a href=""/desktop/""><font color=""#000000"" face=""Helvetica, Arial,sans-serif"" size=""1"">desktop headlines</FONT></A></td>
</tr>

<tr> 
        <td>&nbsp;<a href=""http://www.pointcast.com/special/affiliates/cnn.html""><font color=""#000000"" face=""Helvetica, Arial,sans-serif"" size=""1"">pointcast</FONT></A><br><br></td>
</tr>

</table>

<!--/MORE SERVICES NAV --> 


<!--DISCUSSION NAV -->

<table border=""0"" width=""125"" cellspacing=""0"" cellpadding=""2"" bgcolor=""#CCCCFF"">

<tr bgcolor=""#000000""> 
    <td><font face=""Helvetica, Arial,sans-serif"" size=""1"" color=""#FFFFFF"">&nbsp;DISCUSSION:</font></td>
</tr>

<tr> 
    <td>&nbsp;<a href=""http://cnn.com/boards/""><font color=""#000000"" face=""Helvetica, Arial,sans-serif"" size=""1"">message boards</FONT></A></td>
</tr>

<tr> 
    <td>&nbsp;<a href=""/chat/""><font color=""#000000"" face=""Helvetica, Arial,sans-serif"" size=""1"">chat</FONT></A></td>
</tr>

<tr> 
    <td>&nbsp;<a href=""/feedback/world.html""><font color=""#000000"" face=""Helvetica, Arial,sans-serif"" size=""1"">feedback</FONT></A><br><br></td>
</tr>

</table>

<!--/DISCUSSION NAV -->


<!-- SITE GUIDES NAV -->

<table border=""0"" width=""125"" cellspacing=""0"" cellpadding=""2"" bgcolor=""#CCCCFF"">

<tr bgcolor=""#000000""> 
    <td><font face=""Helvetica, Arial,sans-serif"" size=""1"" color=""#FFFFFF"">&nbsp;SITE GUIDES:</font></td>
</tr>

<tr> 
    <td>&nbsp;<a href=""/feedback/help/""><font color=""#000000"" face=""Helvetica, Arial,sans-serif"" size=""1"">help</FONT></A></td>
</tr>

<tr> 
    <td>&nbsp;<a href=""/INDEX/""><font color=""#000000"" face=""Helvetica, Arial,sans-serif"" size=""1"">contents</FONT></A></td>
</tr>

<tr> 
    <td>&nbsp;<a href=""/SEARCH/""><font color=""#000000"" face=""Helvetica, Arial,sans-serif"" size=""1"">search</FONT></A><br><br></td>
</tr>

</table>

<!-- /SITE GUIDES NAV -->

<!-- FASTER ACCESS NAV -->

<table border=""0"" width=""125"" cellspacing=""0"" cellpadding=""2"" bgcolor=""#CCCCFF"">

<tr bgcolor=""#000000""> 
        <td><font face=""Helvetica, Arial,sans-serif"" size=""1"" color=""#FFFFFF"">&nbsp;FASTER ACCESS:</font></td>
</tr>

<tr> 
        <td>&nbsp;<a href=""http://europe.cnn.com/""><font color=""#000000"" face=""Helvetica, Arial,sans-serif"" size=""1"">europe</FONT></A></td>
</tr>

<tr> 
        <td>&nbsp;<a href=""http://japan.cnn.com""><font color=""#000000"" face=""Helvetica, Arial,sans-serif"" size=""1"">japan</FONT></A><br><br></td>
</tr>

</table>

<!-- /FASTER ACCESS NAV -->

<!-- WEB SERVICES NAV -->

<table border=""0"" width=""125"" cellspacing=""0"" cellpadding=""2"" bgcolor=""#CCCCFF"">
<tr bgcolor=""#000000""> 
    <td><font face=""Helvetica, Arial,sans-serif"" size=""1"" color=""#FFFFFF"">&nbsp;WEB SERVICES:</font></td>
</tr>
</table>

<center>

<a href=""http://app1.firstusa.com/card.cfm/2WG4DWG23/68L9/""><IMG SRC=""/ads/advertiser/first.usa/9903/2EC51_115x90.gif"" WIDTH=""115"" HEIGHT=""90"" BORDER=""0""></a><br>

<table bgcolor=""#3366CC"" border=""0"" cellspacing=0 cellpadding=0 width=""125""><tr><td bgcolor=""#3366CC""><a href=""http://barnesandnoble.bfast.com/booklink/click?sourceid=12505&categoryid=homepage""><img src=""/ads/advertiser/barnesandnoble/9906/top1.gif"" width=125 height=53 border=""0"" align=""bottom""></a><table bgcolor=""#3366CC"" border=""0"" cellspacing=0 cellpadding=2 width=""125""><tr><td bgcolor=""#3366CC"" colspan=""2"">
<form action=""http://barnesandnoble.bfast.com/booklink/click"">
<input type=""hidden"" name=""sourceid"" value=""290805"">
<input type=""hidden"" name=""categoryid"" value=""searchby"">
<font size=-2 face=""helvetica, arial, ms sans serif, sans-serif"">
<select name=choice>
<option value=keywordsearch>Keyword
<option value=titlesearch>Title
<option value=authorsearch>Author
</select></font></td></tr><tr><td bgcolor=""#3366CC"">
<input type=""text"" name=""userInput"" size=""8""></td><td bgcolor=""#3366CC"">
<input type=""image"" value=""Go"" src=""/ads/advertiser/barnesandnoble/9906/gobutton1.gif"" width=""24"" height=""24"" align=""top"" border=""0"">&nbsp;</td></tr></table></td></tr></table>
</form>
<br><a href=""http://www.realwhitepages.com/index?from=CNN""><IMG SRC=""/ads/advertiser/bellsouth/9904/115x90date.gif"" WIDTH=""115"" HEIGHT=""90"" BORDER=""0""></a>

</center>

<!-- /WEB SERVICES NAV -->

</TD><TD WIDTH=""15""><IMG SRC=""/images/1998/05/homepage/white.gif"" WIDTH=15 HEIGHT=1 HSPACE=0 VSPACE=0 BORDER=0 ALT=""""></TD>
<TD WIDTH=460 VALIGN=TOP>
<IMG SRC=""/WORLD/images/1998/04/world.europe.story.gif"" WIDTH=""227"" HEIGHT=""16"" BORDER=0 ALT=""World - Europe""><BR CLEAR=ALL>
<HR SIZE=1 NOSHADE>
<!--========================================================-->
<!--===============Paste story between here=================-->
<!--========================================================-->


<font face=""helvetica, arial, sans-serif""><h1>NATO searches for answers in Kosovo convoy killings</h1></font>

<TABLE border=0 ALIGN=RIGHT CELLPADDING=0 CELLSPACING=0 BORDER=0 HSPACE=5 VSPACE=5 WIDTH=220> 
<TR><TD colspan=2>
<!--===========IMAGE============-->
<IMG SRC=""fire.jpg"" ALT=""night fire"" WIDTH=""220"" HEIGHT=""168"" BORDER=""0"" HSPACE=""0"" VSPACE=""0"">
<!--===========/IMAGE===========-->
</TD></TR>

<TR>
<TD>
<FONT SIZE=""-2"" FACE=""helvetica, arial"">
<B>
<!--===========CAPTION==========-->
Serbian TV released these pictures of what it said was a NATO attack Thursday on an oil refinery
<!--===========/CAPTION=========-->

</B>
</FONT>
</TD><TD width=12>&nbsp;&nbsp;</TD>
</TR>
<TR><TD colspan=2>
<!-- =========== VOD TABLE ========== -->
<TABLE CELLPADDING=0 CELLSPACING=0 BORDER=0 BGCOLOR=""#CCCCCC"" width=""229"" hspace=0 vspace=0 align=top>
<TR><TD BGCOLOR=""#FFCC00"" COLSPAN=2><IMG SRC=""/images/1999/02/icons/yellow.ffcc00/video.gif"" HSPACE=2 HEIGHT=13 WIDTH=13 ALIGN=TOP alt=""related video""><FONT FACE=""verdana,helvetica,arial,sans-serif"" SIZE=""1""><B><U>RELATED VIDEO</U></B></FONT></TD></TR>
<TR><TD colspan=2>
<TABLE CELLPADDING=1 CELLSPACING=0 BORDER=0 BGCOLOR=""#CCCCCC"" width=""98%"" hspace=0 vspace=0 align=top>
<!-- ========= vod's from picker ============ -->
<TR>
<TD COLSPAN=3><FONT FACE=""verdana,arial,helvetica,sans-serif"" SIZE=""1"">CNN's Brent Sadler reports on the aftermath of the convoy attack (April 15)</FONT>
<BR>
<CENTER><IMG SRC=""/video/world/1999/04/15/sadler.convoy.site.jpg"" HEIGHT=90 WIDTH=120 BORDER=0></CENTER>

</TD>
</TR>

<TR>
<TD><FONT FACE=""verdana,arial,helvetica,sans-serif"" size=""1"">Windows Media</FONT></TD>
<TD><FONT FACE=""verdana,arial,helvetica,sans-serif"" size=""1""><A HREF=""javascript:vod('/video/world/1999/04/15/sadler.convoy.kosovo.ns28.html','A tragic mistake?')""><U>28K</U></A></FONT></TD>
<TD><FONT FACE=""verdana,arial,helvetica,sans-serif"" size=""1""><A HREF=""javascript:vod('/video/world/1999/04/15/sadler.convoy.kosovo.ns80.html','A tragic mistake?')""><U>80K</U></A></FONT></TD>
</TR>
<TR><TD colspan=3><HR width=""75%""></TD></TR>

<TR>
<TD COLSPAN=3><FONT FACE=""verdana,arial,helvetica,sans-serif"" SIZE=""1"">CNN's Brent Sadler interviews Yugoslav Foreign Ministry spokesman Nebojsa Vujevic about the NATO convoy attack Serbs say killed civilians (April 15)</FONT>


</TD>
</TR>
<!-- real -->
<TR>
<TD><FONT FACE=""verdana,arial,helvetica,sans-serif"" size=""1"">Real</FONT></TD>
<TD><FONT FACE=""verdana,arial,helvetica,sans-serif"" size=""1""><A HREF=""javascript:vod('/video/world/1999/04/15/sadler.vujovic2.rm28.html','Yugoslav Foreign Ministry spokesman talks about NATO attack on a convoy ')""><U>28K</U></A></FONT></TD>
<TD><FONT FACE=""verdana,arial,helvetica,sans-serif"" size=""1""><A HREF=""javascript:vod('/video/world/1999/04/15/sadler.vujovic2.rm80.html','Yugoslav Foreign Ministry spokesman talks about NATO attack on a convoy ')""><U>80K</U></A></FONT></TD></TR>
<!-- /real -->
<TR>
<TD><FONT FACE=""verdana,arial,helvetica,sans-serif"" size=""1"">Windows Media</FONT></TD>
<TD><FONT FACE=""verdana,arial,helvetica,sans-serif"" size=""1""><A HREF=""javascript:vod('/video/world/1999/04/15/sadler.vujovic2.ns28.html','Yugoslav Foreign Ministry spokesman talks about NATO attack on a convoy ')""><U>28K</U></A></FONT></TD>
<TD><FONT FACE=""verdana,arial,helvetica,sans-serif"" size=""1""><A HREF=""javascript:vod('/video/world/1999/04/15/sadler.vujovic2.ns80.html','Yugoslav Foreign Ministry spokesman talks about NATO attack on a convoy ')""><U>80K</U></A></FONT></TD>
</TR>
<TR><TD colspan=3><HR width=""75%""></TD></TR>

<TR>
<TD COLSPAN=3><FONT FACE=""verdana,arial,helvetica,sans-serif"" SIZE=""1"">NATO's Jamie Shea reads statement about accidental bombing of civilians (April 15)</FONT>
<BR>
</TD>
</TR>
<!-- real -->
<TR>
<TD><FONT FACE=""verdana,arial,helvetica,sans-serif"" size=""1"">Real</FONT></TD>
<TD><FONT FACE=""verdana,arial,helvetica,sans-serif"" size=""1""><A HREF=""javascript:vod('/video/world/1999/04/15/nato.statement.rm28.html','NATO says it  \'deeply regrets\' bombing civilian vehicle')""><U>28K</U></A></FONT></TD>
<TD><FONT FACE=""verdana,arial,helvetica,sans-serif"" size=""1""><A HREF=""javascript:vod('/video/world/1999/04/15/nato.statement.rm80.html','NATO says it  \'deeply regrets\' bombing civilian vehicle')""><U>80K</U></A></FONT></TD></TR>
<!-- /real -->
<TR>
<TD><FONT FACE=""verdana,arial,helvetica,sans-serif"" size=""1"">Windows Media</FONT></TD>
<TD><FONT FACE=""verdana,arial,helvetica,sans-serif"" size=""1""><A HREF=""javascript:vod('/video/world/1999/04/15/nato.statement.ns28.html','NATO says it  \'deeply regrets\' bombing civilian vehicle')""><U>28K</U></A></FONT></TD>
<TD><FONT FACE=""verdana,arial,helvetica,sans-serif"" size=""1""><A HREF=""javascript:vod('/video/world/1999/04/15/nato.statement.ns80.html','NATO says it  \'deeply regrets\' bombing civilian vehicle')""><U>80K</U></A></FONT></TD>
</TR>
<TR><TD colspan=3><HR width=""75%""></TD></TR>
<TR>
<TD COLSPAN=3><FONT FACE=""verdana,arial,helvetica,sans-serif"" SIZE=""1"">Listen to the NATO pilot describe the action leading to the convoy bombing (April 15)</FONT>
<BR>

</TD>
</TR>
<!-- real -->
<TR>
<TD><FONT FACE=""verdana,arial,helvetica,sans-serif"" size=""1"">Real</FONT></TD>
<TD><FONT FACE=""verdana,arial,helvetica,sans-serif"" size=""1""><A HREF=""javascript:vod('/video/world/1999/04/15/pilot.statement.rm28.html','NATO releases tape of pilot talking about convoy attack')""><U>28K</U></A></FONT></TD>
<TD><FONT FACE=""verdana,arial,helvetica,sans-serif"" size=""1""><A HREF=""javascript:vod('/video/world/1999/04/15/pilot.statement.rm80.html','NATO releases tape of pilot talking about convoy attack')""><U>80K</U></A></FONT></TD></TR>
<!-- /real -->
<TR>
<TD><FONT FACE=""verdana,arial,helvetica,sans-serif"" size=""1"">Windows Media</FONT></TD>
<TD><FONT FACE=""verdana,arial,helvetica,sans-serif"" size=""1""><A HREF=""javascript:vod('/video/world/1999/04/15/pilot.statement.ns28.html','NATO releases tape of pilot talking about convoy attack')""><U>28K</U></A></FONT></TD>
<TD><FONT FACE=""verdana,arial,helvetica,sans-serif"" size=""1""><A HREF=""javascript:vod('/video/world/1999/04/15/pilot.statement.ns80.html','NATO releases tape of pilot talking about convoy attack')""><U>80K</U></A></FONT></TD>
</TR>
<TR><TD colspan=3><HR width=""75%""></TD></TR>

<TR>
<TD COLSPAN=3><FONT FACE=""verdana,arial,helvetica,sans-serif"" SIZE=""1"">CNN's Catherine Bond talks to survivors of convoy bombing (April 15)</FONT>
<BR>


</TD>
</TR>
<!-- real -->
<TR>
<TD><FONT FACE=""verdana,arial,helvetica,sans-serif"" size=""1"">Real</FONT></TD>
<TD><FONT FACE=""verdana,arial,helvetica,sans-serif"" size=""1""><A HREF=""javascript:vod('/video/world/1999/04/15/bond.reax.rm28.html','Witnesses recall convoy bombing')""><U>28K</U></A></FONT></TD>
<TD><FONT FACE=""verdana,arial,helvetica,sans-serif"" size=""1""><A HREF=""javascript:vod('/video/world/1999/04/15/bond.reax.rm80.html','Witnesses recall convoy bombing')""><U>80K</U></A></FONT></TD></TR>
<!-- /real -->
<TR>
<TD><FONT FACE=""verdana,arial,helvetica,sans-serif"" size=""1"">Windows Media</FONT></TD>
<TD><FONT FACE=""verdana,arial,helvetica,sans-serif"" size=""1""><A HREF=""javascript:vod('/video/world/1999/04/15/bond.reax.ns28.html','Witnesses recall convoy bombing')""><U>28K</U></A></FONT></TD>
<TD><FONT FACE=""verdana,arial,helvetica,sans-serif"" size=""1""><A HREF=""javascript:vod('/video/world/1999/04/15/bond.reax.ns80.html','Witnesses recall convoy bombing')""><U>80K</U></A></FONT></TD>
</TR>

<TR>
<TD COLSPAN=3><FONT FACE=""verdana,arial,helvetica,sans-serif"" SIZE=""1"">CNN's Satinder Bindra reports on KLA's recruitment efforts (April 15)</FONT>
</TD>
</TR>
<!-- real -->
<TR>
<TD><FONT FACE=""verdana,arial,helvetica,sans-serif"" size=""1"">Real</FONT></TD>
<TD><FONT FACE=""verdana,arial,helvetica,sans-serif"" size=""1""><A HREF=""javascript:vod('/video/world/1999/04/15/bindra.kla.rm28.html','Ethnic Albanian men recruited to fight in Kosovo')""><U>28K</U></A></FONT></TD>
<TD><FONT FACE=""verdana,arial,helvetica,sans-serif"" size=""1""><A HREF=""javascript:vod('/video/world/1999/04/15/bindra.kla.rm80.html','Ethnic Albanian men recruited to fight in Kosovo')""><U>80K</U></A></FONT></TD></TR>
<!-- /real -->
<TR>
<TD><FONT FACE=""verdana,arial,helvetica,sans-serif"" size=""1"">Windows Media</FONT></TD>
<TD><FONT FACE=""verdana,arial,helvetica,sans-serif"" size=""1""><A HREF=""javascript:vod('/video/world/1999/04/15/bindra.kla.ns28.html','Ethnic Albanian men recruited to fight in Kosovo')""><U>28K</U></A></FONT></TD>
<TD><FONT FACE=""verdana,arial,helvetica,sans-serif"" size=""1""><A HREF=""javascript:vod('/video/world/1999/04/15/bindra.kla.ns80.html','Ethnic Albanian men recruited to fight in Kosovo')""><U>80K</U></A></FONT></TD>
</TR>
<TR><TD colspan=3><HR width=""75%""></TD></TR>



<!-- ===== /vod's from picker ====== -->
</TABLE></TD></TR>
<SCRIPT LANGUAGE=""Javascript"" SRC=""/WORLD/virtual/kosovo.vod.gallery.js""></SCRIPT>
<FORM NAME=""control""><TR><TD align=center colspan=2>
<br clear=all><TEXTAREA name=""caption"" rows=""6"" cols=""23"" wrap=virtual>To view the latest video streams on the strikes in Yugoslavia, use the arrow buttons below to scroll through the video gallery.</TEXTAREA>
</TD></TR>
<!-- === real/windows ===-->
<TR>
<TD>&nbsp;&nbsp;&nbsp;&nbsp;&nbsp;&nbsp;
<INPUT name=""media"" checked type=""radio"" value=""ns"" onClick=""med = 'ns'""><font face=""verdana, helvetica, arial, sans-serif"" size=1>Windows Media</font>
</TD>
<TD>
<INPUT name=""media"" type=""radio"" value=""rm"" onClick=""med = 'rm'""><font face=""verdana, helvetica, arial, sans-serif"" size=1>Real</font>
</TD>
</TR>
<TR bgcolor=""#cccccc""><TD colspan=2><HR width=""75%""></TD></TR>
<!-- === /real/windows ===-->
<TR bgcolor=""#cccccc"">
<TD>&nbsp;&nbsp;&nbsp;&nbsp;&nbsp;&nbsp;
<INPUT name=""stream"" checked type=""radio"" value=""28"" onClick=""str = '28'""><font face=""verdana, helvetica, arial, sans-serif"" size=1>28 K</font>
</TD><TD>
<INPUT name=""stream"" type=""radio"" value=""28"" onClick=""str = '80'""><font face=""verdana, helvetica, arial, sans-serif"" size=1>80 K</font>
</TR>
<TR><TD align=center colspan=2><INPUT type=""BUTTON""  value=""&nbsp;&nbsp;&laquo;&nbsp;"" name=""left"" onClick=""forward()""><INPUT type=""BUTTON""  value=""SELECT"" name=""select"" onClick=""selected(a)""><INPUT type=""BUTTON""  value=""&nbsp;&raquo;&nbsp;&nbsp;"" name=""right"" onClick=""back()""></TD></TR></FORM></table>
<!-- ========== /VOD TABLE ========== -->
<!-- ========= image gallery ========= -->
<table border=0 cellspacing=0 cellpadding=2 width=""100%"" hspace=0 vspace=0>

<tr><td bgcolor=""#FFCCOO""><IMG SRC=""/images/1998/05/storypage/interactive.FFCC00.gif"" ALT=""Interactive"" ALIGN=TOP WIDTH=""15"" HEIGHT=""15"" BORDER=""0"" HSPACE=""2"" VSPACE=""0""><font face=""Verdana, helvetica, arial, sans-serif"" size=""1""><u><b>IMAGE GALLERY:</b></u></font></td>
</tr><tr><td align=center bgcolor=""#FFFFCC""><font size=1 face=""Verdana, helvetica, arial, sans-serif"">
<A HREF=""javascript:openWindow('/interactive/world/9904/kosovo.refugee.gallery.02/frameset.exclude.html','windowname','toolbar=no,location=no,directories=no,status=no,menubar=no,scrollbars=yes,resizable=no,width=510,height=400')"">The Kosovo refugees</A><BR><BR><A HREF=""javascript:openWindow('/interactive/world/9904/rally.gallery/frameset.exclude.html','windowname','toolbar=no,location=no,directories=no,status=no,menubar=no,scrollbars=yes,resizable=no,width=510,height=400')"">
Protesting the NATO strikes</A><BR><BR>
<A HREF=""javascript:openWindow('/interactive/world/9904/pristina.image.gallery/frameset.exclude.html','windowname','toolbar=no,location=no,directories=no,status=no,menubar=no,scrollbars=yes,resizable=no,width=510,height=400')"">Devastation of the Kosovo capital</A><BR><BR>
<A HREF=""javascript:openWindow('/interactive/world/9903/serb.gallery/frameset.exclude.html','windowname','toolbar=no,location=no,directories=no,status=no,menubar=no,scrollbars=yes,resizable=no,width=510,height=400')"">
The Serbs and Kosovo</A>
</font></td></tr>
<!-- ========= also ========= -->
<tr><td bgcolor=""#FFCC00""><font face=""Verdana, helvetica, arial, sans-serif"" size=""1"">&nbsp;<b><U>ALSO</U></b></font></td>
</tr><tr><td align=center bgcolor=""#FFFFCC""><font size=1 face=""Verdana, helvetica, arial, sans-serif"">

<a href=""/US/9904/15/us.kosovo.military.03/"">U.S. officials: No quick end to war, casualties likely</a><BR><BR>
<a href=""/US/9904/15/clinton.kosovo/"">Clinton: NATO won't back down</a><BR><BR>




</font></td></tr>

<!-- ap -->
<!-- ========= message board ========= -->
<tr><td bgcolor=""#FFCC00""><font face=""Verdana, helvetica, arial, sans-serif"" size=""1"">&nbsp;<b><U>MESSAGE BOARD</U></b></font></td></tr>
<tr><td align=center bgcolor=""#FFFFCC"">
<font size=1 face=""Verdana, helvetica, arial, sans-serif"">
<a href=""http://cnnplus.cnn.com/WebX?13@@.ee6b2b1"">Crisis in Kosovo</a><BR>
</font></td></tr>
<!-- /ap -->

<tr><td bgcolor=""#FFCC00""><font face=""Verdana, helvetica, arial, sans-serif"" size=""1"">&nbsp;<b>MAPS</b></font></td></tr>
<tr><td align=center bgcolor=""#FFFFCC"">
<font size=1 face=""Verdana, helvetica, arial, sans-serif"">
<a href=""/WORLD/europe/9904/01/nato.attack.03/nato.maps/"">Gen. Wesley Clark describes NATO air campaign</a>
</font></td></tr></table>
<!--===========/TABLE===========-->
</TD></TR>
</TABLE>

<h3><font face=""helvetica, arial, sans-serif"">Pentagon suggests Serbs responsible</font></h3>

<p><!--date-->

<p><FONT FACE=""Verdana, Arial, Helvetica, sans-serif"" SIZE=""1"" color=""#333333""><i><b>April 15, 1999</b><br>
 Web posted at: 10:51 p.m. EDT (0251 GMT)</i></font></p>


<!--/date--></p>

<TABLE border=0 cellpadding=0 cellspacing=0 width=215 align=top>
<TR>
<TD><HR SIZE=""1"" WIDTH=""170"" ALIGN=""LEFT"">
<FONT FACE=""Verdana, Arial, Helvetica, sans-serif"" size=1><B>In this story:</B></FONT><BR><BR>
<FONT FACE=""Verdana, Arial, Helvetica, sans-serif"" SIZE=""1"">
<A HREF=""#1"">'A humanitarian catastrophe'</A><BR><BR>
<A HREF=""#2"">NATO says other convoys targeted</A><BR><BR>
<A HREF=""#3"">Pilot explains his bombing run</A><BR><BR>
<A HREF=""#4"">Reporter views scene</A><BR><BR>
<A HREF=""#5"">Cook: Serbs cry 'crocodile tears'</A><BR><BR>
<A HREF=""#6"">Annan endorses call for peace deal</A><BR><BR>

<B><A HREF=""#r"">RELATED STORIES, SITES</B>
<IMG SRC=""/images/1999/02/icons/white.ffffff/down.gif"" ALT=""icon"" WIDTH=""13"" HEIGHT=""13"" BORDER=0></A></FONT>
<BR><BR>
<HR SIZE=""1"" WIDTH=""170"" ALIGN=""LEFT""></TD>
</TR>
</TABLE>


<P>
<A HREF=""yugo.belgrade.kosovo.jpg"">BELGRADE, Yugoslavia</A> (CNN) -- Amid conflicting reports over 
who was to blame for an attack on a convoy of Kosovo 
Albanians that left dozens dead, NATO forces continued their 
23-day-old air campaign against Yugoslavia Thursday, sending 
plumes of flames into the sky near major cities.
</P>

<P>
Air raid sirens sounded in Belgrade earlier than usual 
Thursday evening, followed two hours later by heavy bursts of 
sustained anti-aircraft fire.
</P>

<P>
Serbian television showed blasts in Yugoslavia's second 
largest city, Novi Sad, and reported fires raging in the town 
of Pancevo, northeast of the capital, where one of the 
country's main oil refineries has been hit in previous air 
raids.
</P>

<P>
Serbian television also said explosions shook the Belgrade 
suburb of Zemon, the site of Yugoslavia's air defense 
headquarters, and reported an attack on Belgrade's 
international airport at Surcin.
</P>

<P>
In the Yugoslav republic of Montenegro, witnesses said bombs 
fell outside the city of <A HREF=""kosovo.montenegro.pancevo.jpg"">Podgorica</A>, and an explosion rocked a 
military air base.
</P>

<P>
Yugoslav officials again denounced NATO airstrikes they claim 
targeted ethnic Albanians trying to flee Kosovo.
</P>


<P>
<h3><A NAME=""1""><font face=""helvetica, arial, sans-serif"">'A humanitarian catastrophe'</font></A></h3>
</P>

<P>
One civilian convoy on the road between the towns of 
<A HREF=""kosovo.convoy.struck2.jpg"">Djakovica</A> and <A HREF=""kosovo.convoy.struck2.jpg"">Prizren</A> came under fire Wednesday and as many 
as 85 people were killed, Serb authorities said.  Television 
footage showed gruesome images of burned and bloodied bodies 
scattered along the roadside.
</P>

<P>
Yugoslavia also accused NATO of hitting the village of 
<A HREF=""kosovo.convoy.struck2.jpg"">Srbica</A>, killing seven ethnic Albanians, including children.
</P>

<P>
""This is the worst picture of a humanitarian catastrophe 
brought on by the NATO bombings,"" said Yugoslav Foreign 
Ministry spokesman Nebojsa Vujovic.
</P>

<P>
Vojislav Seselj, a Serbian deputy prime minister, accused 
NATO of killing civilians on purpose.  He said NATO knew it 
could ""accomplish nothing by striking military targets"" and 
was therefore ""taking revenge by bombing civilians.""
</P>

<P>
""The aggressor who behaves in this way has lost all military 
compass,"" he said.
</P>
<TABLE ALIGN=left CELLPADDING=0 CELLSPACING=0 BORDER=0 HSPACE=""5"" VSPACE=""5"" WIDTH=220> 
<TR><TD COLSPAN=2>
<!--===========IMAGE============-->
<IMG SRC=""refugees.jpg"" ALT=""refugees"" WIDTH=""220"" HEIGHT=""336"" BORDER=""0"" HSPACE=""0"" VSPACE=""0"">
<!--===========/IMAGE===========-->
</TD></TR>

<TR><TD><FONT SIZE=""-2"" FACE=""helvetica, arial""><B>
<!--===========CAPTION==========-->
Medical aid is given to ethnic Albanians pouring out of Kosovo, but some wounds are emotional
<!--===========/CAPTION=========-->
</B></FONT></TD>
<TD Width=""15"">&nbsp;</TD>
</TR></TABLE>
<P>
<h3><A NAME=""2""><font face=""helvetica, arial, sans-serif"">NATO says other convoys targeted</font></A></h3>
</P>

<P>
Pentagon officials acknowledged Thursday that NATO pilots did 
attack three other convoys near Djakovica, but stressed that 
those convoys were different from the one with the high 
civilian death toll, as shown on Serbian television.
</P>

<P>
The Pentagon suggested that Serb forces, perhaps a MiG 
fighter plane, struck that fourth convoy, and that Belgrade 
pinned the blame on NATO.  It cited accounts by refugees who 
told international observers that a Yugoslav MiG made several 
passes at a convoy and dropped bombs.
</P>

<P>
At the same time, Pentagon sources said they could not rule 
out the possibility that NATO was responsible.
</P>

<P>
NATO planes targeted two convoys south of Djakovica -- one a 
purely military convoy and the other a mixed convoy of 
military vehicles and civilians, Pentagon officials said.
</P>

<P>
The Pentagon said it believes only military targets were hit.
</P>

<P>
<h3><A NAME=""3""><font face=""helvetica, arial, sans-serif"">Pilot explains his bombing run</font></A></h3>
</P>

<P>
Earlier Thursday, NATO admitted an  pilot may have bombed 
civilians in a convoy north of Djakovica.  The pilot believed 
he was attacking a military vehicle, NATO officials said.
</P>

<P>
In a taped recording played for journalists at a NATO 
briefing, one unidentified pilot who flew the mission in 
southwestern Kosovo said he spotted what appeared to be a 
military convoy in the vicinity of several burning villages.
</P>

<P>
""I make a decision at that point that these are the people 
responsible for burning down the villages that I've seen so 
far,"" the pilot said.  ""I roll in, put my system on the lead 
vehicle and execute a laser-guided bomb attack on that 
vehicle, destroying the lead vehicle."" 
</P>

<P>
Low on fuel, the pilot left the area, telling the crew that 
was flying in to replace him what he'd seen. That team also 
carried out an attack, the pilot said.
</P>

<P>
NATO spokesman Jamie Shea said NATO now believes the lead 
convoy vehicle struck by the first pilot was a civilian 
vehicle. He said that NATO ""deeply regrets"" the loss of 
civilian lives in the attack, and stressed that the alliance 
was taking ""every precaution"" to prevent such tragic 
occurrences.
</P>

<P>
""There has never been a military operation in history with so 
many stringent measures taken to minimize harm,"" he said.
</P>


<P>
<A NAME=""4""><font face=""helvetica, arial, sans-serif""><h3>Reporter views scene</h3></font></A>
</P>

<P>
A CNN reporter taken to the area south of Djakovica on Thursday said he saw wrecked tractors, burned villages and six bodies, including one of a child, in a morgue.
</P>

<P>
Serb authorities took CNN's Alessio Vinci to a 30-mile (48-kilometer) section of the road between Djakovica and Prizren where they said four attacks on convoys of refugees had occurred.
</P>

<P>
Vinci said at one site, three tractor and a minibus had been 
destroyed. ""Personal belongings are scattered around the area here. 
There are two huge craters, one on the road and one nearby,"" said 
Vinci.
</P>

<P>
One of the refugees who said he was on the road told Vinci in the 
presence of Serb authorities that the  convoy had not been accompanied by 
Serb military forces or police. He said that at the time of the 
attack the ethnic Albanians were on their own.
</P>

<P>
Other refugees told Vinci they had been ordered to leave their 
village on the border between southern Kosovo and Albania by Serb 
forces who said there was going to be too much bombing in the area 
for them to stay.
</P>

<P>
They said they left and went to Djakovica where Serb forces sent 
them on to Prizren. The refugees told Vinci, in the presence of 
soldiers, that the army was being ""cooperative"" in attempting to 
move them away from the battle zone.
</P>


<P>
<A NAME=""5""><font face=""helvetica, arial, sans-serif""><H3>Cook: Serbs cry 'crocodile tears'</H3></font></A>
</P>

<P>
On Thursday, British Foreign Secretary <A HREF=""link.cook.jpg"">Robin Cook</A> accused Milosevic and the Yugoslav government of crying ""crocodile tears"" over a conflict they started.
</P>


<P>
""I have to say that I will not accept the criticism that has been emanating from Belgrade from the very people who organize the mass ethnic cleansing of Kosovo, who have caused thousands of civilian deaths in Kosovo, and who have displaced from their homes hundreds of thousands of people in Kosovo,"" Cook said. ""How dare they produce crocodile tears for people killed in the conflict for which they themselves are responsible.""
</P>



<P>
Cook said it is important to keep in mind why the civilians were in the convoy in the first place. ""I would like to ask President Milosevic about the refugees in that convoy. Would he like to remind us why they were refugees in the first place, what was it they were fleeing from, where were they being taken?"" asked Cook.
</P>

<P>
Shea said the incident would not hamper NATO's operation in 
Yugoslavia.
</P>

<P>
""There has been no letup at all in the air campaign,"" said Shea. 
""Last night for example, despite some anti-aircraft artillery fire, 
we engaged very successfully a large number of targets throughout 
Yugoslavia, including, of course, Kosovo, a controller reporting 
center, ammunition depot, military airport at Pristina, army 
barracks at Pec, fuel production storage facilities in two places, 
bridges, lines of communication, an airfield at Nis, and so on ... 
this will go on and this will succeed.""
</P>

<P>
Overnight Wednesday into Thursday, Belgrade, Pristina, Kursumlija, 
Krusevac, Kragujevac, Cacak, Uzice, Valjevo, Nis and Kraljevo were 
all hit by NATO airplanes, according to Serb television.
</P>

<TABLE ALIGN=left CELLPADDING=0 CELLSPACING=0 BORDER=0 HSPACE=""5"" VSPACE=""5"" WIDTH=226> 
<TR><TD COLSPAN=2>
<!--===========IMAGE============-->
<IMG SRC=""bodies.jpg"" ALT=""bodies"" ALIGN=TOP WIDTH=""226"" HEIGHT=""170"" BORDER=""0"" HSPACE=""0"" VSPACE=""0"">
<!--===========/IMAGE===========-->
</TD></TR>

<TR><TD><FONT SIZE=""-2"" FACE=""helvetica, arial""><B>
<!--===========CAPTION==========-->
Bodies at the scene of the attack<BR><BR>
<!--===========/CAPTION=========-->
</B></FONT></TD>
<TD Width=""15"">&nbsp;</TD>
</TR></TABLE>

<P>
<A NAME=""6""><font face=""helvetica, arial, sans-serif""><h3>Annan endorses call for peace deal</h3></font></A>
</P>

<P>
On the diplomatic front, U.N. Secretary-General <A HREF=""link.annan.jpg"">Kofi Annan</A> stressed Thursday that the United Nations should play a role in ""legitimizing"" a military presence in Kosovo and endorsed Russia's call for a peace deal.
</P>

<P>
Annan's comments came as Germany issued a new proposal calling for a pause in the bombing if Yugoslavia agreed to NATION conditions -- including an international peacekeeping force.
</P>

<P>
NATO called the German plan a ""food-for-thought paper,"" but did not immediately endorse it.
</P>

<P>
German Chancellor Gerhard Schroeder, president of the European Union, said the EU ministers would push for a U.N. Security Council resolution incorporating the German proposal.
</P>

<P>
Annan called for all sides to work with Russia toward a solution. Russia strongly opposes the NATO airstrikes, which began March 24 when Yugoslavia refused to halt its crackdown on ethnic Albanians in Kosovo.
</P>

<P>
""If the international community is going to make progress on this issue, I think it's essential we all come together, and work with the Russians who are playing a very constructive role, and I'm in touch with them,"" Annan said.
</P>

<P>
NATO requirements for a cease-fire include withdrawal of Yugoslav troops from Kosovo and the safe return of several hundred thousand refugees forced to flee the fighting.
</P>

<P ALIGN=CENTER><font face=""Verdana, Arial, Helvetica, sans-serif"" size=""1""><EM>Correspondents <a href=""/CNN/anchors_reporters/roth.richard.html"">Richard Roth</a>, Alessio Vinci, Brent Sadler, Jamie McIntyre and Catherine Bond contributed to this report.</EM></font></P>


<BR clear=all>
<!--========================================================-->
<!--======================= Relateds =======================-->
<!--========================================================-->
<!--========================================================--> 
<hr size=""1"">
<font face=""Verdana, Arial, Helvetica, sans-serif"" size=""1"">
<A NAME=""r""><b>RELATED STORIES:</b></A> 
<blockquote> 
<a href=""/WORLD/europe/9904/15/nato.attack.04/index.html"">Yugoslavs say NATO planes attack Kosovo village</a><BR>April 15, 1999<BR>
<a href=""/US/9904/15/us.kosovo.military.02/"">Cohen: U.S. casualties likely in NATO campaign</a><BR>April 15, 1999<BR>

<a href=""/WORLD/europe/9904/15/kla.01/index.html"">Kosovo or bust, KLA guerrillas ready to fight</a><BR>April 15, 1999<BR>
<A HREF=""/WORLD/europe/9904/14/nato.attack.06/"">Week 4 begins; NATO warns attacks could continue for months</A><BR>April 14, 1999<BR>
<a href=""/WORLD/europe/9904/14/refugees.02/index.html"">Convoys of Kosovo Albanians bombed; 85 dead</a><BR>April 14, 1999<BR>


</blockquote>
<hr size=""1"">
<b>RELATED SITES:</b> 
<blockquote>        
Extensive list of Kosovo-related sites<BR>
 &nbsp;&nbsp;&#149;&nbsp;<a href=""/SPECIALS/1998/10/kosovo/related.sites/"">Kosovo</a><BR>
<BR>
        
Yugoslavia: <BR>
&nbsp;&nbsp;&#149;&nbsp;<A HREF=""http://www.gov.yu/facts/facts.html"" target=""new"">Federal Republic of Yugoslavia official site</A><BR>
&nbsp;&nbsp;&nbsp;&nbsp;&nbsp;&nbsp;&#149;&nbsp;<A HREF=""http://www.gov.yu/kosovo_facts/"" target=""new"">Kesovo and Metohija facts</A><BR>
&nbsp;&nbsp;&#149;&nbsp;<A HREF=""http://www.serbia-info.com/"" target=""new"">Serbia Ministry of Information</A><BR>
&nbsp;&nbsp;&#149;&nbsp;<A HREF=""http://www.sn-ol.com/news/"" target=""new"">Serbia Now! News</A><BR>
<BR><BR>
Kosovo:<BR>
&nbsp;&nbsp;&#149;&nbsp;<A HREF=""http://www.alb-net.com/index.htm"" target=""new"">Kosova Crisis Center</A><BR>
&nbsp;&nbsp;&#149;&nbsp;<A HREF=""http://www.klpm.org/"" target=""new"">Kosova Liberation Peace Movement</A><BR>
&nbsp;&nbsp;&#149;&nbsp;<A HREF=""http://www.albanian.com/main/countries/kosova/"" target=""new"">Kosovo - from Albanian.com</A><BR>
<BR>
Military: <BR>
&nbsp;&nbsp;&#149;&nbsp;<A HREF=""http://www.nato.int/"" target=""new"">NATO official site</A><BR>
&nbsp;&nbsp;&#149;&nbsp;<A 
HREF=""http://www.dtic.mil/bosnia/index.html"" target=""new"">BosniaLINK - U.S. Dept. of Defense</A><BR>
&nbsp;&nbsp;&#149;&nbsp;<A HREF=""http://www.chinfo.navy.mil/navpalib/news/kosovo/alliedforce.html"" target=""new"">U.S. Navy images from Operation Allied Force</A><BR>
&nbsp;&nbsp;&#149;&nbsp;<A HREF=""http://www.mod.uk/news/kosovo/"" target=""new"">U.K. Ministry of Defence - Kosovo news</A><BR>
&nbsp;&nbsp;&#149;&nbsp;<A HREF=""http://www.raf.mod.uk/news/kosovonews.html"" target=""new"">U.K. Royal Air Force - Kosovo news</A><BR>
&nbsp;&nbsp;&#149;&nbsp;<A HREF=""http://defence.janes.com/"" target=""new"">Jane's Defence - Kosovo Crisis</A><BR>
<BR>
Relief:<BR>
&nbsp;&nbsp;&#149;&nbsp;<a href=""/HEALTH/9904/15/refugee.doctor/"">Kosovar doctor helps refugees one at a time</a><BR>

&nbsp;&nbsp;&#149;&nbsp;<a href=""http://www.mercyusa.org/"" target=""new"">Mercy International USA</a><BR>
&nbsp;&nbsp;&#149;&nbsp;<a href=""http://www.savekosovo.com/"" target=""new"">Donations for Kosovo Refugees</a><BR>
&nbsp;&nbsp;&#149;&nbsp;<a href=""http://www.intrescom.org/"" target=""new"">International Rescue Committee</a><BR>
&nbsp;&nbsp;&#149;&nbsp<a href=""http://www.unicefusa.org/kosovo"" target=""new"">Unicef USA</a><BR>
&nbsp;&nbsp;&#149;&nbsp<a href=""http://www.dwb.org/index.htm"" target=""new"">Doctors Without Borders </a><BR>
&nbsp;&nbsp;&#149;&nbsp<a href=""http://worldvision.org/worldvision/master.nsf/stable/index.htm"" target=""new"">World Vision</a><BR>
&nbsp;&nbsp;&#149;&nbsp<a href=""http://www.care.org/"" target=""new"">CARE: The Kosovo Crisis</a><BR>
&nbsp;&nbsp;&#149;&nbsp;<a href=""http://www.interaction.org/"" target=""new"">InterAction</a><BR>
&nbsp;&nbsp;&#149;&nbsp;<a href=""http://www.ifrc.org/"" target=""new"">International Federation of Red Cross and Red Crescent Societies</a><BR>
&nbsp;&nbsp;&#149;&nbsp;<a href=""http://www.helpicrc.org/english/news/index.html"" target=""new"">International Committee of the Red Cross</a><BR>
&nbsp;&nbsp;&#149;&nbsp;<a href=""http://www.DisasterRelief.org/"" target=""new"">Disaster Relief from DisasterRelief.org</a><BR>
&nbsp;&nbsp;&#149;&nbsp;<a href=""http://www.catholicrelief.org/"" target=""new"">Catholic Relief Services</a><BR>
&nbsp;&nbsp;&#149;&nbsp;<a href=""http://www.islam.org/Relief/Kosovo/"" target=""new"">Kosovo Relief</a><BR>
&nbsp;&nbsp;&#149;&nbsp;<a href=""http://wwwnotes.reliefweb.int/"" target=""new"">ReliefWeb: Home page</a><BR>
<BR><BR>
Media:<BR>
&nbsp;&nbsp;&#149;&nbsp;<A HREF=""http://www.b92.net/"" target=""new"">Independent Yugoslav radio stations B92</A><BR>
&nbsp;&nbsp;&#149;&nbsp;<A HREF=""http://www.iwpr.net/"" target=""new"">Institute for War and Peace Reporting</A><BR>
&nbsp;&nbsp;&#149;&nbsp;<A HREF=""http://www.usia.gov/regional/eur/balkans/kosovo/"" target=""new"">United States Information Agency - Kosovo Crisis</A><BR><BR>
Other: <BR>
&nbsp;&nbsp;&#149;&nbsp;<a href=""http://www.earthlinkmission.org/bwolf.html"" target=""new"">Prayers for peace</a>
</blockquote>

<blockquote> 
<div align=""LEFT"">
<b>Note:  Pages will open in a new browser window </b>
</div>
<font size=1><em>External sites are not endorsed by CNN Interactive.</em></font></font>
<BR>
</blockquote>
<table cellpadding=0 cellspacing=0 border=0>
<tr valign=top> 
<td width=""460"" bgcolor=""#000033"" height=""13"">
<font face=""Verdana, Arial, Helvetica, sans-serif"" size=""1"" color=""#FFFFFF""> 
<b>&nbsp;LATEST HEADLINES:</b></font>
</td></tr>	<TR>

<td width=""460"" bgcolor=""#FFFFCC"">
          

         
</td>
</TR>
</table>
<!--========================================================-->
<!-- ====================== Relateds =======================-->
<!--========================================================-->

<!--========================================================-->
<!--===============Paste story between here=================-->
<!--========================================================-->

<!-- search box -->

<form name=seek method=get action=""http://search.cnn.com:80/query.html"">
  <table width=""460"" cellpadding=""5"" cellspacing=""0"" border=""0"" bgcolor=""#333399"">
    <tr valign=top> 
<td bgcolor=""#333333""> 
<a href=""http://search.cnn.com"" class=white><b><font face=""Verdana, Arial, Helvetica, sans-serif"" size=""2"" color=""#FFFFFF"">SEARCH 
  CNN.com</font><font face=""Helvetica, Arial, sans-serif"" size=""1"" color=""#000000""> 
  </font></b></a> <font color=""#000000""><br>
  </font></td>
    </tr>
    <tr valign=top> 
<td bgcolor=""#999999""><font color=""#000000""><b><font face=""Helvetica, Arial, sans-serif"" size=""1""><font size=""2"" face=""Verdana, Arial, Helvetica, sans-serif""><font color=""#FFFFFF""> 
  </font></font></font></b><font face=""Helvetica, Arial, sans-serif"" size=""1"" color=""#FFFFFF""><font size=""2"" face=""Verdana, Arial, Helvetica, sans-serif"" color=""#000000"">Enter 
  keyword(s)</font></font> 
  <input type=""TEXT"" name=""qt"" size=""30"" value="""" maxlength=""40"">
  &nbsp; <font size=""2"" face=""Verdana, Arial, Helvetica, sans-serif"" color=""#FFFFFF""><b><a href=""javascript:document.seek.submit()""><font color=""#000066"">go</font></a>&nbsp; 
  &nbsp; <a href=""http://search.cnn.com:80/help/""><font color=""#000066"">help</font></a></b></font> 
  </font>
  <input type=hidden name=qc value="""">
<input type=hidden name=col value=""cnni"">
<input type=hidden name=qm value=""0"">
<input type=hidden name=st value=""1"">
<input type=hidden name=nh value=""10"">
<input type=hidden name=lk value=""1"">
<input type=hidden name=rf value=""1"">

  </td>
    </tr>
  </table>
</form>

<!-- /search box -->



<TR><TD COLSPAN=""3"">
<HR NOSHADE WIDTH=""600"" SIZE=""1"" ALIGN=""LEFT"">
</TD></TR>
</TD></TR></TABLE>
<TABLE BORDER=""0"" WIDTH=""600"" CELLSPACING=""0"" CELLPADDING=""0""><TR><TD WIDTH=125  VALIGN=TOP><font face=""Verdana, HELVETICA, ARIAL, sans-serif"" size=""1"">
<B><a href=""#top""> Back to the top</a></B>
</font></TD>
<TD WIDTH=""15"">&nbsp;</TD><TD WIDTH=""460"" VALIGN=TOP><font face=""Verdana, HELVETICA, ARIAL, sans-serif"" size=""1""><B>&#169; 2001 Cable News Network.</B> All Rights Reserved.<br><a href=""/interactive_legal.html"">Terms</a> under which this service is provided to you.<br>Read our <A HREF=""/privacy.html"">privacy guidelines</A>.</font><br></TD></TR></TABLE>
</BODY>
</HTML>"
